path,N,lamda,objective
/home/christoforos.eseroglou/Desktop/heuristics/instances/50/test/instance34_nreq50_nveh2_gamma47.txt,50,0.01,3252.83
/home/christoforos.eseroglou/Desktop/heuristics/instances/50/test/instance34_nreq50_nveh2_gamma47.txt,50,0.03,2995.6
/home/christoforos.eseroglou/Desktop/heuristics/instances/50/test/instance34_nreq50_nveh2_gamma47.txt,50,0.05,2662.24
/home/christoforos.eseroglou/Desktop/heuristics/instances/50/test/instance34_nreq50_nveh2_gamma47.txt,50,0.07,2620.19
/home/christoforos.eseroglou/Desktop/heuristics/instances/50/test/instance34_nreq50_nveh2_gamma47.txt,50,0.1,2186.52
/home/christoforos.eseroglou/Desktop/heuristics/instances/50/test/instance34_nreq50_nveh2_gamma47.txt,50,0.15,2068.29
/home/christoforos.eseroglou/Desktop/heuristics/instances/50/test/instance34_nreq50_nveh2_gamma47.txt,50,0.2,2040.23
/home/christoforos.eseroglou/Desktop/heuristics/instances/50/test/instance48_nreq50_nveh2_gamma42.txt,50,0.01,2480.03
/home/christoforos.eseroglou/Desktop/heuristics/instances/50/test/instance48_nreq50_nveh2_gamma42.txt,50,0.03,2483.03
/home/christoforos.eseroglou/Desktop/heuristics/instances/50/test/instance48_nreq50_nveh2_gamma42.txt,50,0.05,2304.89
/home/christoforos.eseroglou/Desktop/heuristics/instances/50/test/instance48_nreq50_nveh2_gamma42.txt,50,0.07,2251.85
/home/christoforos.eseroglou/Desktop/heuristics/instances/50/test/instance48_nreq50_nveh2_gamma42.txt,50,0.1,1891.47
/home/christoforos.eseroglou/Desktop/heuristics/instances/50/test/instance48_nreq50_nveh2_gamma42.txt,50,0.15,1901.48
/home/christoforos.eseroglou/Desktop/heuristics/instances/50/test/instance48_nreq50_nveh2_gamma42.txt,50,0.2,1764.29
/home/christoforos.eseroglou/Desktop/heuristics/instances/50/test/instance51_nreq50_nveh2_gamma45.txt,50,0.01,2969.17
/home/christoforos.eseroglou/Desktop/heuristics/instances/50/test/instance51_nreq50_nveh2_gamma45.txt,50,0.03,2850.11
/home/christoforos.eseroglou/Desktop/heuristics/instances/50/test/instance51_nreq50_nveh2_gamma45.txt,50,0.05,2394.8
/home/christoforos.eseroglou/Desktop/heuristics/instances/50/test/instance51_nreq50_nveh2_gamma45.txt,50,0.07,2179.61
/home/christoforos.eseroglou/Desktop/heuristics/instances/50/test/instance51_nreq50_nveh2_gamma45.txt,50,0.1,1690.97
/home/christoforos.eseroglou/Desktop/heuristics/instances/50/test/instance51_nreq50_nveh2_gamma45.txt,50,0.15,1720.02
/home/christoforos.eseroglou/Desktop/heuristics/instances/50/test/instance51_nreq50_nveh2_gamma45.txt,50,0.2,1569.75
/home/christoforos.eseroglou/Desktop/heuristics/instances/50/test/instance52_nreq50_nveh2_gamma44.txt,50,0.01,3128.79
/home/christoforos.eseroglou/Desktop/heuristics/instances/50/test/instance52_nreq50_nveh2_gamma44.txt,50,0.03,2548.25
/home/christoforos.eseroglou/Desktop/heuristics/instances/50/test/instance52_nreq50_nveh2_gamma44.txt,50,0.05,2448.91
/home/christoforos.eseroglou/Desktop/heuristics/instances/50/test/instance52_nreq50_nveh2_gamma44.txt,50,0.07,2319.72
/home/christoforos.eseroglou/Desktop/heuristics/instances/50/test/instance52_nreq50_nveh2_gamma44.txt,50,0.1,2067.59
/home/christoforos.eseroglou/Desktop/heuristics/instances/50/test/instance52_nreq50_nveh2_gamma44.txt,50,0.15,2017.18
/home/christoforos.eseroglou/Desktop/heuristics/instances/50/test/instance52_nreq50_nveh2_gamma44.txt,50,0.2,1657.66
/home/christoforos.eseroglou/Desktop/heuristics/instances/50/test/instance39_nreq50_nveh2_gamma43.txt,50,0.01,2761.04
/home/christoforos.eseroglou/Desktop/heuristics/instances/50/test/instance39_nreq50_nveh2_gamma43.txt,50,0.03,2647.95
/home/christoforos.eseroglou/Desktop/heuristics/instances/50/test/instance39_nreq50_nveh2_gamma43.txt,50,0.05,2170.2
/home/christoforos.eseroglou/Desktop/heuristics/instances/50/test/instance39_nreq50_nveh2_gamma43.txt,50,0.07,2235.45
/home/christoforos.eseroglou/Desktop/heuristics/instances/50/test/instance39_nreq50_nveh2_gamma43.txt,50,0.1,1807.81
/home/christoforos.eseroglou/Desktop/heuristics/instances/50/test/instance39_nreq50_nveh2_gamma43.txt,50,0.15,1661.2
/home/christoforos.eseroglou/Desktop/heuristics/instances/50/test/instance39_nreq50_nveh2_gamma43.txt,50,0.2,1590.86
/home/christoforos.eseroglou/Desktop/heuristics/instances/50/test/instance45_nreq50_nveh2_gamma42.txt,50,0.01,2824.61
/home/christoforos.eseroglou/Desktop/heuristics/instances/50/test/instance45_nreq50_nveh2_gamma42.txt,50,0.03,2442.51
/home/christoforos.eseroglou/Desktop/heuristics/instances/50/test/instance45_nreq50_nveh2_gamma42.txt,50,0.05,2290.46
/home/christoforos.eseroglou/Desktop/heuristics/instances/50/test/instance45_nreq50_nveh2_gamma42.txt,50,0.07,2022.36
/home/christoforos.eseroglou/Desktop/heuristics/instances/50/test/instance45_nreq50_nveh2_gamma42.txt,50,0.1,1827.27
/home/christoforos.eseroglou/Desktop/heuristics/instances/50/test/instance45_nreq50_nveh2_gamma42.txt,50,0.15,1539.09
/home/christoforos.eseroglou/Desktop/heuristics/instances/50/test/instance45_nreq50_nveh2_gamma42.txt,50,0.2,1507.06
/home/christoforos.eseroglou/Desktop/heuristics/instances/50/test/instance35_nreq50_nveh2_gamma45.txt,50,0.01,3301.75
/home/christoforos.eseroglou/Desktop/heuristics/instances/50/test/instance35_nreq50_nveh2_gamma45.txt,50,0.03,2898.24
/home/christoforos.eseroglou/Desktop/heuristics/instances/50/test/instance35_nreq50_nveh2_gamma45.txt,50,0.05,2546.84
/home/christoforos.eseroglou/Desktop/heuristics/instances/50/test/instance35_nreq50_nveh2_gamma45.txt,50,0.07,2439.32
/home/christoforos.eseroglou/Desktop/heuristics/instances/50/test/instance35_nreq50_nveh2_gamma45.txt,50,0.1,2151.77
/home/christoforos.eseroglou/Desktop/heuristics/instances/50/test/instance35_nreq50_nveh2_gamma45.txt,50,0.15,1872.3
/home/christoforos.eseroglou/Desktop/heuristics/instances/50/test/instance35_nreq50_nveh2_gamma45.txt,50,0.2,1836.11
/home/christoforos.eseroglou/Desktop/heuristics/instances/50/test/instance46_nreq50_nveh2_gamma47.txt,50,0.01,2987.52
/home/christoforos.eseroglou/Desktop/heuristics/instances/50/test/instance46_nreq50_nveh2_gamma47.txt,50,0.03,3035.55
/home/christoforos.eseroglou/Desktop/heuristics/instances/50/test/instance46_nreq50_nveh2_gamma47.txt,50,0.05,2610.31
/home/christoforos.eseroglou/Desktop/heuristics/instances/50/test/instance46_nreq50_nveh2_gamma47.txt,50,0.07,2335.12
/home/christoforos.eseroglou/Desktop/heuristics/instances/50/test/instance46_nreq50_nveh2_gamma47.txt,50,0.1,2117.92
/home/christoforos.eseroglou/Desktop/heuristics/instances/50/test/instance46_nreq50_nveh2_gamma47.txt,50,0.15,2010.81
/home/christoforos.eseroglou/Desktop/heuristics/instances/50/test/instance46_nreq50_nveh2_gamma47.txt,50,0.2,1795.54
/home/christoforos.eseroglou/Desktop/heuristics/instances/50/test/instance41_nreq50_nveh2_gamma45.txt,50,0.01,2886.19
/home/christoforos.eseroglou/Desktop/heuristics/instances/50/test/instance41_nreq50_nveh2_gamma45.txt,50,0.03,2591.12
/home/christoforos.eseroglou/Desktop/heuristics/instances/50/test/instance41_nreq50_nveh2_gamma45.txt,50,0.05,2137.96
/home/christoforos.eseroglou/Desktop/heuristics/instances/50/test/instance41_nreq50_nveh2_gamma45.txt,50,0.07,2106.95
/home/christoforos.eseroglou/Desktop/heuristics/instances/50/test/instance41_nreq50_nveh2_gamma45.txt,50,0.1,1995.9
/home/christoforos.eseroglou/Desktop/heuristics/instances/50/test/instance41_nreq50_nveh2_gamma45.txt,50,0.15,1792.79
/home/christoforos.eseroglou/Desktop/heuristics/instances/50/test/instance41_nreq50_nveh2_gamma45.txt,50,0.2,1617.67
/home/christoforos.eseroglou/Desktop/heuristics/instances/50/test/instance47_nreq50_nveh2_gamma42.txt,50,0.01,2567.64
/home/christoforos.eseroglou/Desktop/heuristics/instances/50/test/instance47_nreq50_nveh2_gamma42.txt,50,0.03,2564.64
/home/christoforos.eseroglou/Desktop/heuristics/instances/50/test/instance47_nreq50_nveh2_gamma42.txt,50,0.05,2205.43
/home/christoforos.eseroglou/Desktop/heuristics/instances/50/test/instance47_nreq50_nveh2_gamma42.txt,50,0.07,2166.4
/home/christoforos.eseroglou/Desktop/heuristics/instances/50/test/instance47_nreq50_nveh2_gamma42.txt,50,0.1,1917.2
/home/christoforos.eseroglou/Desktop/heuristics/instances/50/test/instance47_nreq50_nveh2_gamma42.txt,50,0.15,1746.03
/home/christoforos.eseroglou/Desktop/heuristics/instances/50/test/instance47_nreq50_nveh2_gamma42.txt,50,0.2,1520.75
/home/christoforos.eseroglou/Desktop/heuristics/instances/50/test/instance42_nreq50_nveh2_gamma44.txt,50,0.01,3002.95
/home/christoforos.eseroglou/Desktop/heuristics/instances/50/test/instance42_nreq50_nveh2_gamma44.txt,50,0.03,2835.82
/home/christoforos.eseroglou/Desktop/heuristics/instances/50/test/instance42_nreq50_nveh2_gamma44.txt,50,0.05,2547.54
/home/christoforos.eseroglou/Desktop/heuristics/instances/50/test/instance42_nreq50_nveh2_gamma44.txt,50,0.07,2223.14
/home/christoforos.eseroglou/Desktop/heuristics/instances/50/test/instance42_nreq50_nveh2_gamma44.txt,50,0.1,1942.67
/home/christoforos.eseroglou/Desktop/heuristics/instances/50/test/instance42_nreq50_nveh2_gamma44.txt,50,0.15,1855.5
/home/christoforos.eseroglou/Desktop/heuristics/instances/50/test/instance42_nreq50_nveh2_gamma44.txt,50,0.2,1690.11
/home/christoforos.eseroglou/Desktop/heuristics/instances/50/test/instance50_nreq50_nveh2_gamma43.txt,50,0.01,3076.66
/home/christoforos.eseroglou/Desktop/heuristics/instances/50/test/instance50_nreq50_nveh2_gamma43.txt,50,0.03,2384.42
/home/christoforos.eseroglou/Desktop/heuristics/instances/50/test/instance50_nreq50_nveh2_gamma43.txt,50,0.05,1991.6
/home/christoforos.eseroglou/Desktop/heuristics/instances/50/test/instance50_nreq50_nveh2_gamma43.txt,50,0.07,1948.18
/home/christoforos.eseroglou/Desktop/heuristics/instances/50/test/instance50_nreq50_nveh2_gamma43.txt,50,0.1,1864.11
/home/christoforos.eseroglou/Desktop/heuristics/instances/50/test/instance50_nreq50_nveh2_gamma43.txt,50,0.15,1690.97
/home/christoforos.eseroglou/Desktop/heuristics/instances/50/test/instance50_nreq50_nveh2_gamma43.txt,50,0.2,1496.76
/home/christoforos.eseroglou/Desktop/heuristics/instances/50/test/instance60_nreq50_nveh2_gamma45.txt,50,0.01,3028.82
/home/christoforos.eseroglou/Desktop/heuristics/instances/50/test/instance60_nreq50_nveh2_gamma45.txt,50,0.03,3201.01
/home/christoforos.eseroglou/Desktop/heuristics/instances/50/test/instance60_nreq50_nveh2_gamma45.txt,50,0.05,2585.74
/home/christoforos.eseroglou/Desktop/heuristics/instances/50/test/instance60_nreq50_nveh2_gamma45.txt,50,0.07,2312.6
/home/christoforos.eseroglou/Desktop/heuristics/instances/50/test/instance60_nreq50_nveh2_gamma45.txt,50,0.1,1830.31
/home/christoforos.eseroglou/Desktop/heuristics/instances/50/test/instance60_nreq50_nveh2_gamma45.txt,50,0.15,1693.01
/home/christoforos.eseroglou/Desktop/heuristics/instances/50/test/instance60_nreq50_nveh2_gamma45.txt,50,0.2,1696.02
/home/christoforos.eseroglou/Desktop/heuristics/instances/50/test/instance49_nreq50_nveh2_gamma44.txt,50,0.01,2942.4
/home/christoforos.eseroglou/Desktop/heuristics/instances/50/test/instance49_nreq50_nveh2_gamma44.txt,50,0.03,2602.25
/home/christoforos.eseroglou/Desktop/heuristics/instances/50/test/instance49_nreq50_nveh2_gamma44.txt,50,0.05,2570.23
/home/christoforos.eseroglou/Desktop/heuristics/instances/50/test/instance49_nreq50_nveh2_gamma44.txt,50,0.07,2241.04
/home/christoforos.eseroglou/Desktop/heuristics/instances/50/test/instance49_nreq50_nveh2_gamma44.txt,50,0.1,1937.79
/home/christoforos.eseroglou/Desktop/heuristics/instances/50/test/instance49_nreq50_nveh2_gamma44.txt,50,0.15,1838.69
/home/christoforos.eseroglou/Desktop/heuristics/instances/50/test/instance49_nreq50_nveh2_gamma44.txt,50,0.2,1737.58
/home/christoforos.eseroglou/Desktop/heuristics/instances/50/test/instance53_nreq50_nveh2_gamma44.txt,50,0.01,2883.54
/home/christoforos.eseroglou/Desktop/heuristics/instances/50/test/instance53_nreq50_nveh2_gamma44.txt,50,0.03,2947.61
/home/christoforos.eseroglou/Desktop/heuristics/instances/50/test/instance53_nreq50_nveh2_gamma44.txt,50,0.05,2735.39
/home/christoforos.eseroglou/Desktop/heuristics/instances/50/test/instance53_nreq50_nveh2_gamma44.txt,50,0.07,2084.4
/home/christoforos.eseroglou/Desktop/heuristics/instances/50/test/instance53_nreq50_nveh2_gamma44.txt,50,0.1,2039.31
/home/christoforos.eseroglou/Desktop/heuristics/instances/50/test/instance53_nreq50_nveh2_gamma44.txt,50,0.15,1985.19
/home/christoforos.eseroglou/Desktop/heuristics/instances/50/test/instance53_nreq50_nveh2_gamma44.txt,50,0.2,1670.34
/home/christoforos.eseroglou/Desktop/heuristics/instances/50/test/instance55_nreq50_nveh2_gamma40.txt,50,0.01,2890.59
/home/christoforos.eseroglou/Desktop/heuristics/instances/50/test/instance55_nreq50_nveh2_gamma40.txt,50,0.03,2856.55
/home/christoforos.eseroglou/Desktop/heuristics/instances/50/test/instance55_nreq50_nveh2_gamma40.txt,50,0.05,2309.04
/home/christoforos.eseroglou/Desktop/heuristics/instances/50/test/instance55_nreq50_nveh2_gamma40.txt,50,0.07,2160.73
/home/christoforos.eseroglou/Desktop/heuristics/instances/50/test/instance55_nreq50_nveh2_gamma40.txt,50,0.1,1920.82
/home/christoforos.eseroglou/Desktop/heuristics/instances/50/test/instance55_nreq50_nveh2_gamma40.txt,50,0.15,1649.4
/home/christoforos.eseroglou/Desktop/heuristics/instances/50/test/instance55_nreq50_nveh2_gamma40.txt,50,0.2,1647.09
/home/christoforos.eseroglou/Desktop/heuristics/instances/50/test/instance36_nreq50_nveh2_gamma46.txt,50,0.01,3023.44
/home/christoforos.eseroglou/Desktop/heuristics/instances/50/test/instance36_nreq50_nveh2_gamma46.txt,50,0.03,2960.38
/home/christoforos.eseroglou/Desktop/heuristics/instances/50/test/instance36_nreq50_nveh2_gamma46.txt,50,0.05,2477.48
/home/christoforos.eseroglou/Desktop/heuristics/instances/50/test/instance36_nreq50_nveh2_gamma46.txt,50,0.07,2249.15
/home/christoforos.eseroglou/Desktop/heuristics/instances/50/test/instance36_nreq50_nveh2_gamma46.txt,50,0.1,2159.97
/home/christoforos.eseroglou/Desktop/heuristics/instances/50/test/instance36_nreq50_nveh2_gamma46.txt,50,0.15,1845.19
/home/christoforos.eseroglou/Desktop/heuristics/instances/50/test/instance36_nreq50_nveh2_gamma46.txt,50,0.2,1965.85
/home/christoforos.eseroglou/Desktop/heuristics/instances/50/test/instance54_nreq50_nveh2_gamma49.txt,50,0.01,3158.15
/home/christoforos.eseroglou/Desktop/heuristics/instances/50/test/instance54_nreq50_nveh2_gamma49.txt,50,0.03,3006.09
/home/christoforos.eseroglou/Desktop/heuristics/instances/50/test/instance54_nreq50_nveh2_gamma49.txt,50,0.05,2732.92
/home/christoforos.eseroglou/Desktop/heuristics/instances/50/test/instance54_nreq50_nveh2_gamma49.txt,50,0.07,2357.62
/home/christoforos.eseroglou/Desktop/heuristics/instances/50/test/instance54_nreq50_nveh2_gamma49.txt,50,0.1,2085.33
/home/christoforos.eseroglou/Desktop/heuristics/instances/50/test/instance54_nreq50_nveh2_gamma49.txt,50,0.15,1718.78
/home/christoforos.eseroglou/Desktop/heuristics/instances/50/test/instance54_nreq50_nveh2_gamma49.txt,50,0.2,1636.62
/home/christoforos.eseroglou/Desktop/heuristics/instances/50/test/instance40_nreq50_nveh2_gamma46.txt,50,0.01,2987.61
/home/christoforos.eseroglou/Desktop/heuristics/instances/50/test/instance40_nreq50_nveh2_gamma46.txt,50,0.03,3026.64
/home/christoforos.eseroglou/Desktop/heuristics/instances/50/test/instance40_nreq50_nveh2_gamma46.txt,50,0.05,2581.67
/home/christoforos.eseroglou/Desktop/heuristics/instances/50/test/instance40_nreq50_nveh2_gamma46.txt,50,0.07,2392.55
/home/christoforos.eseroglou/Desktop/heuristics/instances/50/test/instance40_nreq50_nveh2_gamma46.txt,50,0.1,2167.63
/home/christoforos.eseroglou/Desktop/heuristics/instances/50/test/instance40_nreq50_nveh2_gamma46.txt,50,0.15,1902.11
/home/christoforos.eseroglou/Desktop/heuristics/instances/50/test/instance40_nreq50_nveh2_gamma46.txt,50,0.2,1783.94
/home/christoforos.eseroglou/Desktop/heuristics/instances/50/test/instance32_nreq50_nveh2_gamma45.txt,50,0.01,2902.11
/home/christoforos.eseroglou/Desktop/heuristics/instances/50/test/instance32_nreq50_nveh2_gamma45.txt,50,0.03,2522.54
/home/christoforos.eseroglou/Desktop/heuristics/instances/50/test/instance32_nreq50_nveh2_gamma45.txt,50,0.05,2267.34
/home/christoforos.eseroglou/Desktop/heuristics/instances/50/test/instance32_nreq50_nveh2_gamma45.txt,50,0.07,2101.11
/home/christoforos.eseroglou/Desktop/heuristics/instances/50/test/instance32_nreq50_nveh2_gamma45.txt,50,0.1,1966.79
/home/christoforos.eseroglou/Desktop/heuristics/instances/50/test/instance32_nreq50_nveh2_gamma45.txt,50,0.15,1651.79
/home/christoforos.eseroglou/Desktop/heuristics/instances/50/test/instance32_nreq50_nveh2_gamma45.txt,50,0.2,1821.52
/home/christoforos.eseroglou/Desktop/heuristics/instances/50/test/instance37_nreq50_nveh2_gamma45.txt,50,0.01,3186.01
/home/christoforos.eseroglou/Desktop/heuristics/instances/50/test/instance37_nreq50_nveh2_gamma45.txt,50,0.03,2841.89
/home/christoforos.eseroglou/Desktop/heuristics/instances/50/test/instance37_nreq50_nveh2_gamma45.txt,50,0.05,2246.59
/home/christoforos.eseroglou/Desktop/heuristics/instances/50/test/instance37_nreq50_nveh2_gamma45.txt,50,0.07,2279.61
/home/christoforos.eseroglou/Desktop/heuristics/instances/50/test/instance37_nreq50_nveh2_gamma45.txt,50,0.1,2045.45
/home/christoforos.eseroglou/Desktop/heuristics/instances/50/test/instance37_nreq50_nveh2_gamma45.txt,50,0.15,1838.27
/home/christoforos.eseroglou/Desktop/heuristics/instances/50/test/instance37_nreq50_nveh2_gamma45.txt,50,0.2,1710.13
/home/christoforos.eseroglou/Desktop/heuristics/instances/50/test/instance43_nreq50_nveh2_gamma47.txt,50,0.01,3076.94
/home/christoforos.eseroglou/Desktop/heuristics/instances/50/test/instance43_nreq50_nveh2_gamma47.txt,50,0.03,2946.86
/home/christoforos.eseroglou/Desktop/heuristics/instances/50/test/instance43_nreq50_nveh2_gamma47.txt,50,0.05,2325.39
/home/christoforos.eseroglou/Desktop/heuristics/instances/50/test/instance43_nreq50_nveh2_gamma47.txt,50,0.07,2047.06
/home/christoforos.eseroglou/Desktop/heuristics/instances/50/test/instance43_nreq50_nveh2_gamma47.txt,50,0.1,1972.97
/home/christoforos.eseroglou/Desktop/heuristics/instances/50/test/instance43_nreq50_nveh2_gamma47.txt,50,0.15,1670.47
/home/christoforos.eseroglou/Desktop/heuristics/instances/50/test/instance43_nreq50_nveh2_gamma47.txt,50,0.2,1740.6
/home/christoforos.eseroglou/Desktop/heuristics/instances/50/test/instance59_nreq50_nveh2_gamma45.txt,50,0.01,2970.23
/home/christoforos.eseroglou/Desktop/heuristics/instances/50/test/instance59_nreq50_nveh2_gamma45.txt,50,0.03,2459.04
/home/christoforos.eseroglou/Desktop/heuristics/instances/50/test/instance59_nreq50_nveh2_gamma45.txt,50,0.05,2318.98
/home/christoforos.eseroglou/Desktop/heuristics/instances/50/test/instance59_nreq50_nveh2_gamma45.txt,50,0.07,2391.01
/home/christoforos.eseroglou/Desktop/heuristics/instances/50/test/instance59_nreq50_nveh2_gamma45.txt,50,0.1,1993.78
/home/christoforos.eseroglou/Desktop/heuristics/instances/50/test/instance59_nreq50_nveh2_gamma45.txt,50,0.15,1648.49
/home/christoforos.eseroglou/Desktop/heuristics/instances/50/test/instance59_nreq50_nveh2_gamma45.txt,50,0.2,1600.44
/home/christoforos.eseroglou/Desktop/heuristics/instances/50/test/instance58_nreq50_nveh2_gamma45.txt,50,0.01,2975.06
/home/christoforos.eseroglou/Desktop/heuristics/instances/50/test/instance58_nreq50_nveh2_gamma45.txt,50,0.03,2807
/home/christoforos.eseroglou/Desktop/heuristics/instances/50/test/instance58_nreq50_nveh2_gamma45.txt,50,0.05,2249.75
/home/christoforos.eseroglou/Desktop/heuristics/instances/50/test/instance58_nreq50_nveh2_gamma45.txt,50,0.07,2258.75
/home/christoforos.eseroglou/Desktop/heuristics/instances/50/test/instance58_nreq50_nveh2_gamma45.txt,50,0.1,2124.67
/home/christoforos.eseroglou/Desktop/heuristics/instances/50/test/instance58_nreq50_nveh2_gamma45.txt,50,0.15,1875.49
/home/christoforos.eseroglou/Desktop/heuristics/instances/50/test/instance58_nreq50_nveh2_gamma45.txt,50,0.2,1745.37
/home/christoforos.eseroglou/Desktop/heuristics/instances/50/test/instance38_nreq50_nveh2_gamma43.txt,50,0.01,3002.09
/home/christoforos.eseroglou/Desktop/heuristics/instances/50/test/instance38_nreq50_nveh2_gamma43.txt,50,0.03,2443.26
/home/christoforos.eseroglou/Desktop/heuristics/instances/50/test/instance38_nreq50_nveh2_gamma43.txt,50,0.05,2429.23
/home/christoforos.eseroglou/Desktop/heuristics/instances/50/test/instance38_nreq50_nveh2_gamma43.txt,50,0.07,2262.94
/home/christoforos.eseroglou/Desktop/heuristics/instances/50/test/instance38_nreq50_nveh2_gamma43.txt,50,0.1,2082.98
/home/christoforos.eseroglou/Desktop/heuristics/instances/50/test/instance38_nreq50_nveh2_gamma43.txt,50,0.15,1874.6
/home/christoforos.eseroglou/Desktop/heuristics/instances/50/test/instance38_nreq50_nveh2_gamma43.txt,50,0.2,1848.5
/home/christoforos.eseroglou/Desktop/heuristics/instances/50/test/instance57_nreq50_nveh2_gamma46.txt,50,0.01,3397.27
/home/christoforos.eseroglou/Desktop/heuristics/instances/50/test/instance57_nreq50_nveh2_gamma46.txt,50,0.03,2784.81
/home/christoforos.eseroglou/Desktop/heuristics/instances/50/test/instance57_nreq50_nveh2_gamma46.txt,50,0.05,2603.63
/home/christoforos.eseroglou/Desktop/heuristics/instances/50/test/instance57_nreq50_nveh2_gamma46.txt,50,0.07,2509.53
/home/christoforos.eseroglou/Desktop/heuristics/instances/50/test/instance57_nreq50_nveh2_gamma46.txt,50,0.1,2158.06
/home/christoforos.eseroglou/Desktop/heuristics/instances/50/test/instance57_nreq50_nveh2_gamma46.txt,50,0.15,1872.54
/home/christoforos.eseroglou/Desktop/heuristics/instances/50/test/instance57_nreq50_nveh2_gamma46.txt,50,0.2,1773.32
/home/christoforos.eseroglou/Desktop/heuristics/instances/50/test/instance31_nreq50_nveh2_gamma50.txt,50,0.01,3621.91
/home/christoforos.eseroglou/Desktop/heuristics/instances/50/test/instance31_nreq50_nveh2_gamma50.txt,50,0.03,3238.78
/home/christoforos.eseroglou/Desktop/heuristics/instances/50/test/instance31_nreq50_nveh2_gamma50.txt,50,0.05,2800.58
/home/christoforos.eseroglou/Desktop/heuristics/instances/50/test/instance31_nreq50_nveh2_gamma50.txt,50,0.07,2755.56
/home/christoforos.eseroglou/Desktop/heuristics/instances/50/test/instance31_nreq50_nveh2_gamma50.txt,50,0.1,2245.22
/home/christoforos.eseroglou/Desktop/heuristics/instances/50/test/instance31_nreq50_nveh2_gamma50.txt,50,0.15,2138.12
/home/christoforos.eseroglou/Desktop/heuristics/instances/50/test/instance31_nreq50_nveh2_gamma50.txt,50,0.2,1893.87
/home/christoforos.eseroglou/Desktop/heuristics/instances/50/test/instance56_nreq50_nveh2_gamma43.txt,50,0.01,3398.8
/home/christoforos.eseroglou/Desktop/heuristics/instances/50/test/instance56_nreq50_nveh2_gamma43.txt,50,0.03,2750.22
/home/christoforos.eseroglou/Desktop/heuristics/instances/50/test/instance56_nreq50_nveh2_gamma43.txt,50,0.05,2247.52
/home/christoforos.eseroglou/Desktop/heuristics/instances/50/test/instance56_nreq50_nveh2_gamma43.txt,50,0.07,2132.31
/home/christoforos.eseroglou/Desktop/heuristics/instances/50/test/instance56_nreq50_nveh2_gamma43.txt,50,0.1,2043.13
/home/christoforos.eseroglou/Desktop/heuristics/instances/50/test/instance56_nreq50_nveh2_gamma43.txt,50,0.15,1752.4
/home/christoforos.eseroglou/Desktop/heuristics/instances/50/test/instance56_nreq50_nveh2_gamma43.txt,50,0.2,1663.13
/home/christoforos.eseroglou/Desktop/heuristics/instances/50/test/instance44_nreq50_nveh2_gamma41.txt,50,0.01,2897.1
/home/christoforos.eseroglou/Desktop/heuristics/instances/50/test/instance44_nreq50_nveh2_gamma41.txt,50,0.03,2368.57
/home/christoforos.eseroglou/Desktop/heuristics/instances/50/test/instance44_nreq50_nveh2_gamma41.txt,50,0.05,2487.71
/home/christoforos.eseroglou/Desktop/heuristics/instances/50/test/instance44_nreq50_nveh2_gamma41.txt,50,0.07,2033.09
/home/christoforos.eseroglou/Desktop/heuristics/instances/50/test/instance44_nreq50_nveh2_gamma41.txt,50,0.1,1777.59
/home/christoforos.eseroglou/Desktop/heuristics/instances/50/test/instance44_nreq50_nveh2_gamma41.txt,50,0.15,1556.01
/home/christoforos.eseroglou/Desktop/heuristics/instances/50/test/instance44_nreq50_nveh2_gamma41.txt,50,0.2,1500.84
/home/christoforos.eseroglou/Desktop/heuristics/instances/50/test/instance33_nreq50_nveh2_gamma45.txt,50,0.01,3230.59
/home/christoforos.eseroglou/Desktop/heuristics/instances/50/test/instance33_nreq50_nveh2_gamma45.txt,50,0.03,2730.05
/home/christoforos.eseroglou/Desktop/heuristics/instances/50/test/instance33_nreq50_nveh2_gamma45.txt,50,0.05,2463.76
/home/christoforos.eseroglou/Desktop/heuristics/instances/50/test/instance33_nreq50_nveh2_gamma45.txt,50,0.07,2090.85
/home/christoforos.eseroglou/Desktop/heuristics/instances/50/test/instance33_nreq50_nveh2_gamma45.txt,50,0.1,2131.92
/home/christoforos.eseroglou/Desktop/heuristics/instances/50/test/instance33_nreq50_nveh2_gamma45.txt,50,0.15,1828.26
/home/christoforos.eseroglou/Desktop/heuristics/instances/50/test/instance33_nreq50_nveh2_gamma45.txt,50,0.2,1738.02
/home/christoforos.eseroglou/Desktop/heuristics/instances/100/test/instance48_nreq100_nveh2_gamma91.txt,100,0.01,8440.63
/home/christoforos.eseroglou/Desktop/heuristics/instances/100/test/instance48_nreq100_nveh2_gamma91.txt,100,0.03,6999.36
/home/christoforos.eseroglou/Desktop/heuristics/instances/100/test/instance48_nreq100_nveh2_gamma91.txt,100,0.05,5937.08
/home/christoforos.eseroglou/Desktop/heuristics/instances/100/test/instance48_nreq100_nveh2_gamma91.txt,100,0.07,5578.96
/home/christoforos.eseroglou/Desktop/heuristics/instances/100/test/instance48_nreq100_nveh2_gamma91.txt,100,0.1,5309.86
/home/christoforos.eseroglou/Desktop/heuristics/instances/100/test/instance48_nreq100_nveh2_gamma91.txt,100,0.15,4401.42
/home/christoforos.eseroglou/Desktop/heuristics/instances/100/test/instance48_nreq100_nveh2_gamma91.txt,100,0.2,4398.42
/home/christoforos.eseroglou/Desktop/heuristics/instances/100/test/instance38_nreq100_nveh2_gamma88.txt,100,0.01,8114.54
/home/christoforos.eseroglou/Desktop/heuristics/instances/100/test/instance38_nreq100_nveh2_gamma88.txt,100,0.03,6872.02
/home/christoforos.eseroglou/Desktop/heuristics/instances/100/test/instance38_nreq100_nveh2_gamma88.txt,100,0.05,6156.19
/home/christoforos.eseroglou/Desktop/heuristics/instances/100/test/instance38_nreq100_nveh2_gamma88.txt,100,0.07,5321.02
/home/christoforos.eseroglou/Desktop/heuristics/instances/100/test/instance38_nreq100_nveh2_gamma88.txt,100,0.1,4422.61
/home/christoforos.eseroglou/Desktop/heuristics/instances/100/test/instance38_nreq100_nveh2_gamma88.txt,100,0.15,4536.83
/home/christoforos.eseroglou/Desktop/heuristics/instances/100/test/instance38_nreq100_nveh2_gamma88.txt,100,0.2,4014.48
/home/christoforos.eseroglou/Desktop/heuristics/instances/100/test/instance41_nreq100_nveh2_gamma86.txt,100,0.01,7165.43
/home/christoforos.eseroglou/Desktop/heuristics/instances/100/test/instance41_nreq100_nveh2_gamma86.txt,100,0.03,6194.3
/home/christoforos.eseroglou/Desktop/heuristics/instances/100/test/instance41_nreq100_nveh2_gamma86.txt,100,0.05,5238.13
/home/christoforos.eseroglou/Desktop/heuristics/instances/100/test/instance41_nreq100_nveh2_gamma86.txt,100,0.07,5139.1
/home/christoforos.eseroglou/Desktop/heuristics/instances/100/test/instance41_nreq100_nveh2_gamma86.txt,100,0.1,4314.88
/home/christoforos.eseroglou/Desktop/heuristics/instances/100/test/instance41_nreq100_nveh2_gamma86.txt,100,0.15,4088.81
/home/christoforos.eseroglou/Desktop/heuristics/instances/100/test/instance41_nreq100_nveh2_gamma86.txt,100,0.2,3517.57
/home/christoforos.eseroglou/Desktop/heuristics/instances/100/test/instance53_nreq100_nveh2_gamma85.txt,100,0.01,8150.33
/home/christoforos.eseroglou/Desktop/heuristics/instances/100/test/instance53_nreq100_nveh2_gamma85.txt,100,0.03,6554.44
/home/christoforos.eseroglou/Desktop/heuristics/instances/100/test/instance53_nreq100_nveh2_gamma85.txt,100,0.05,5783.97
/home/christoforos.eseroglou/Desktop/heuristics/instances/100/test/instance53_nreq100_nveh2_gamma85.txt,100,0.07,5623.34
/home/christoforos.eseroglou/Desktop/heuristics/instances/100/test/instance53_nreq100_nveh2_gamma85.txt,100,0.1,4920.18
/home/christoforos.eseroglou/Desktop/heuristics/instances/100/test/instance53_nreq100_nveh2_gamma85.txt,100,0.15,4238.54
/home/christoforos.eseroglou/Desktop/heuristics/instances/100/test/instance53_nreq100_nveh2_gamma85.txt,100,0.2,4440.55
/home/christoforos.eseroglou/Desktop/heuristics/instances/100/test/instance57_nreq100_nveh2_gamma91.txt,100,0.01,8464.4
/home/christoforos.eseroglou/Desktop/heuristics/instances/100/test/instance57_nreq100_nveh2_gamma91.txt,100,0.03,6851.27
/home/christoforos.eseroglou/Desktop/heuristics/instances/100/test/instance57_nreq100_nveh2_gamma91.txt,100,0.05,6516.23
/home/christoforos.eseroglou/Desktop/heuristics/instances/100/test/instance57_nreq100_nveh2_gamma91.txt,100,0.07,5167.03
/home/christoforos.eseroglou/Desktop/heuristics/instances/100/test/instance57_nreq100_nveh2_gamma91.txt,100,0.1,5089.01
/home/christoforos.eseroglou/Desktop/heuristics/instances/100/test/instance57_nreq100_nveh2_gamma91.txt,100,0.15,4398.86
/home/christoforos.eseroglou/Desktop/heuristics/instances/100/test/instance57_nreq100_nveh2_gamma91.txt,100,0.2,4421.86
/home/christoforos.eseroglou/Desktop/heuristics/instances/100/test/instance47_nreq100_nveh2_gamma90.txt,100,0.01,8017.09
/home/christoforos.eseroglou/Desktop/heuristics/instances/100/test/instance47_nreq100_nveh2_gamma90.txt,100,0.03,7527.01
/home/christoforos.eseroglou/Desktop/heuristics/instances/100/test/instance47_nreq100_nveh2_gamma90.txt,100,0.05,6139.7
/home/christoforos.eseroglou/Desktop/heuristics/instances/100/test/instance47_nreq100_nveh2_gamma90.txt,100,0.07,5708.57
/home/christoforos.eseroglou/Desktop/heuristics/instances/100/test/instance47_nreq100_nveh2_gamma90.txt,100,0.1,4883.26
/home/christoforos.eseroglou/Desktop/heuristics/instances/100/test/instance47_nreq100_nveh2_gamma90.txt,100,0.15,4804.23
/home/christoforos.eseroglou/Desktop/heuristics/instances/100/test/instance47_nreq100_nveh2_gamma90.txt,100,0.2,4293.96
/home/christoforos.eseroglou/Desktop/heuristics/instances/100/test/instance49_nreq100_nveh2_gamma87.txt,100,0.01,7816.01
/home/christoforos.eseroglou/Desktop/heuristics/instances/100/test/instance49_nreq100_nveh2_gamma87.txt,100,0.03,6647.08
/home/christoforos.eseroglou/Desktop/heuristics/instances/100/test/instance49_nreq100_nveh2_gamma87.txt,100,0.05,5644.14
/home/christoforos.eseroglou/Desktop/heuristics/instances/100/test/instance49_nreq100_nveh2_gamma87.txt,100,0.07,5445.99
/home/christoforos.eseroglou/Desktop/heuristics/instances/100/test/instance49_nreq100_nveh2_gamma87.txt,100,0.1,4526.35
/home/christoforos.eseroglou/Desktop/heuristics/instances/100/test/instance49_nreq100_nveh2_gamma87.txt,100,0.15,4464.29
/home/christoforos.eseroglou/Desktop/heuristics/instances/100/test/instance49_nreq100_nveh2_gamma87.txt,100,0.2,4062.88
/home/christoforos.eseroglou/Desktop/heuristics/instances/100/test/instance32_nreq100_nveh2_gamma89.txt,100,0.01,8143.44
/home/christoforos.eseroglou/Desktop/heuristics/instances/100/test/instance32_nreq100_nveh2_gamma89.txt,100,0.03,7324.23
/home/christoforos.eseroglou/Desktop/heuristics/instances/100/test/instance32_nreq100_nveh2_gamma89.txt,100,0.05,5931.4
/home/christoforos.eseroglou/Desktop/heuristics/instances/100/test/instance32_nreq100_nveh2_gamma89.txt,100,0.07,5189.89
/home/christoforos.eseroglou/Desktop/heuristics/instances/100/test/instance32_nreq100_nveh2_gamma89.txt,100,0.1,4774.96
/home/christoforos.eseroglou/Desktop/heuristics/instances/100/test/instance32_nreq100_nveh2_gamma89.txt,100,0.15,4347.73
/home/christoforos.eseroglou/Desktop/heuristics/instances/100/test/instance32_nreq100_nveh2_gamma89.txt,100,0.2,4152.6
/home/christoforos.eseroglou/Desktop/heuristics/instances/100/test/instance60_nreq100_nveh2_gamma87.txt,100,0.01,8107.41
/home/christoforos.eseroglou/Desktop/heuristics/instances/100/test/instance60_nreq100_nveh2_gamma87.txt,100,0.03,6443.93
/home/christoforos.eseroglou/Desktop/heuristics/instances/100/test/instance60_nreq100_nveh2_gamma87.txt,100,0.05,5745.73
/home/christoforos.eseroglou/Desktop/heuristics/instances/100/test/instance60_nreq100_nveh2_gamma87.txt,100,0.07,5136.65
/home/christoforos.eseroglou/Desktop/heuristics/instances/100/test/instance60_nreq100_nveh2_gamma87.txt,100,0.1,4804.33
/home/christoforos.eseroglou/Desktop/heuristics/instances/100/test/instance60_nreq100_nveh2_gamma87.txt,100,0.15,4236
/home/christoforos.eseroglou/Desktop/heuristics/instances/100/test/instance60_nreq100_nveh2_gamma87.txt,100,0.2,4368.28
/home/christoforos.eseroglou/Desktop/heuristics/instances/100/test/instance55_nreq100_nveh2_gamma88.txt,100,0.01,7770.04
/home/christoforos.eseroglou/Desktop/heuristics/instances/100/test/instance55_nreq100_nveh2_gamma88.txt,100,0.03,6664.63
/home/christoforos.eseroglou/Desktop/heuristics/instances/100/test/instance55_nreq100_nveh2_gamma88.txt,100,0.05,6024.2
/home/christoforos.eseroglou/Desktop/heuristics/instances/100/test/instance55_nreq100_nveh2_gamma88.txt,100,0.07,5063.85
/home/christoforos.eseroglou/Desktop/heuristics/instances/100/test/instance55_nreq100_nveh2_gamma88.txt,100,0.1,4598.47
/home/christoforos.eseroglou/Desktop/heuristics/instances/100/test/instance55_nreq100_nveh2_gamma88.txt,100,0.15,3954.8
/home/christoforos.eseroglou/Desktop/heuristics/instances/100/test/instance55_nreq100_nveh2_gamma88.txt,100,0.2,3983.84
/home/christoforos.eseroglou/Desktop/heuristics/instances/100/test/instance37_nreq100_nveh2_gamma89.txt,100,0.01,8483.88
/home/christoforos.eseroglou/Desktop/heuristics/instances/100/test/instance37_nreq100_nveh2_gamma89.txt,100,0.03,7367.22
/home/christoforos.eseroglou/Desktop/heuristics/instances/100/test/instance37_nreq100_nveh2_gamma89.txt,100,0.05,6284.93
/home/christoforos.eseroglou/Desktop/heuristics/instances/100/test/instance37_nreq100_nveh2_gamma89.txt,100,0.07,5416.6
/home/christoforos.eseroglou/Desktop/heuristics/instances/100/test/instance37_nreq100_nveh2_gamma89.txt,100,0.1,4889.25
/home/christoforos.eseroglou/Desktop/heuristics/instances/100/test/instance37_nreq100_nveh2_gamma89.txt,100,0.15,4595.17
/home/christoforos.eseroglou/Desktop/heuristics/instances/100/test/instance37_nreq100_nveh2_gamma89.txt,100,0.2,4209.91
/home/christoforos.eseroglou/Desktop/heuristics/instances/100/test/instance51_nreq100_nveh2_gamma93.txt,100,0.01,8503.65
/home/christoforos.eseroglou/Desktop/heuristics/instances/100/test/instance51_nreq100_nveh2_gamma93.txt,100,0.03,7111.4
/home/christoforos.eseroglou/Desktop/heuristics/instances/100/test/instance51_nreq100_nveh2_gamma93.txt,100,0.05,6254.19
/home/christoforos.eseroglou/Desktop/heuristics/instances/100/test/instance51_nreq100_nveh2_gamma93.txt,100,0.07,5717.02
/home/christoforos.eseroglou/Desktop/heuristics/instances/100/test/instance51_nreq100_nveh2_gamma93.txt,100,0.1,5149.81
/home/christoforos.eseroglou/Desktop/heuristics/instances/100/test/instance51_nreq100_nveh2_gamma93.txt,100,0.15,4326.4
/home/christoforos.eseroglou/Desktop/heuristics/instances/100/test/instance51_nreq100_nveh2_gamma93.txt,100,0.2,4695.6
/home/christoforos.eseroglou/Desktop/heuristics/instances/100/test/instance54_nreq100_nveh2_gamma85.txt,100,0.01,8052.69
/home/christoforos.eseroglou/Desktop/heuristics/instances/100/test/instance54_nreq100_nveh2_gamma85.txt,100,0.03,6976.84
/home/christoforos.eseroglou/Desktop/heuristics/instances/100/test/instance54_nreq100_nveh2_gamma85.txt,100,0.05,5818.3
/home/christoforos.eseroglou/Desktop/heuristics/instances/100/test/instance54_nreq100_nveh2_gamma85.txt,100,0.07,4943.93
/home/christoforos.eseroglou/Desktop/heuristics/instances/100/test/instance54_nreq100_nveh2_gamma85.txt,100,0.1,4792
/home/christoforos.eseroglou/Desktop/heuristics/instances/100/test/instance54_nreq100_nveh2_gamma85.txt,100,0.15,4196.6
/home/christoforos.eseroglou/Desktop/heuristics/instances/100/test/instance54_nreq100_nveh2_gamma85.txt,100,0.2,4196.61
/home/christoforos.eseroglou/Desktop/heuristics/instances/100/test/instance45_nreq100_nveh2_gamma94.txt,100,0.01,9570.89
/home/christoforos.eseroglou/Desktop/heuristics/instances/100/test/instance45_nreq100_nveh2_gamma94.txt,100,0.03,7582.65
/home/christoforos.eseroglou/Desktop/heuristics/instances/100/test/instance45_nreq100_nveh2_gamma94.txt,100,0.05,6657.49
/home/christoforos.eseroglou/Desktop/heuristics/instances/100/test/instance45_nreq100_nveh2_gamma94.txt,100,0.07,5436.19
/home/christoforos.eseroglou/Desktop/heuristics/instances/100/test/instance45_nreq100_nveh2_gamma94.txt,100,0.1,5262.14
/home/christoforos.eseroglou/Desktop/heuristics/instances/100/test/instance45_nreq100_nveh2_gamma94.txt,100,0.15,4850.99
/home/christoforos.eseroglou/Desktop/heuristics/instances/100/test/instance45_nreq100_nveh2_gamma94.txt,100,0.2,4790.97
/home/christoforos.eseroglou/Desktop/heuristics/instances/100/test/instance39_nreq100_nveh2_gamma92.txt,100,0.01,8372.56
/home/christoforos.eseroglou/Desktop/heuristics/instances/100/test/instance39_nreq100_nveh2_gamma92.txt,100,0.03,7379.35
/home/christoforos.eseroglou/Desktop/heuristics/instances/100/test/instance39_nreq100_nveh2_gamma92.txt,100,0.05,6251.03
/home/christoforos.eseroglou/Desktop/heuristics/instances/100/test/instance39_nreq100_nveh2_gamma92.txt,100,0.07,5893.9
/home/christoforos.eseroglou/Desktop/heuristics/instances/100/test/instance39_nreq100_nveh2_gamma92.txt,100,0.1,5037.52
/home/christoforos.eseroglou/Desktop/heuristics/instances/100/test/instance39_nreq100_nveh2_gamma92.txt,100,0.15,4623.28
/home/christoforos.eseroglou/Desktop/heuristics/instances/100/test/instance39_nreq100_nveh2_gamma92.txt,100,0.2,4367.11
/home/christoforos.eseroglou/Desktop/heuristics/instances/100/test/instance35_nreq100_nveh2_gamma89.txt,100,0.01,7976.28
/home/christoforos.eseroglou/Desktop/heuristics/instances/100/test/instance35_nreq100_nveh2_gamma89.txt,100,0.03,6800.1
/home/christoforos.eseroglou/Desktop/heuristics/instances/100/test/instance35_nreq100_nveh2_gamma89.txt,100,0.05,5897.91
/home/christoforos.eseroglou/Desktop/heuristics/instances/100/test/instance35_nreq100_nveh2_gamma89.txt,100,0.07,4967.63
/home/christoforos.eseroglou/Desktop/heuristics/instances/100/test/instance35_nreq100_nveh2_gamma89.txt,100,0.1,4421.41
/home/christoforos.eseroglou/Desktop/heuristics/instances/100/test/instance35_nreq100_nveh2_gamma89.txt,100,0.15,4245.33
/home/christoforos.eseroglou/Desktop/heuristics/instances/100/test/instance35_nreq100_nveh2_gamma89.txt,100,0.2,4193.31
/home/christoforos.eseroglou/Desktop/heuristics/instances/100/test/instance58_nreq100_nveh2_gamma91.txt,100,0.01,8809.43
/home/christoforos.eseroglou/Desktop/heuristics/instances/100/test/instance58_nreq100_nveh2_gamma91.txt,100,0.03,7112.14
/home/christoforos.eseroglou/Desktop/heuristics/instances/100/test/instance58_nreq100_nveh2_gamma91.txt,100,0.05,6020.61
/home/christoforos.eseroglou/Desktop/heuristics/instances/100/test/instance58_nreq100_nveh2_gamma91.txt,100,0.07,5798.53
/home/christoforos.eseroglou/Desktop/heuristics/instances/100/test/instance58_nreq100_nveh2_gamma91.txt,100,0.1,5003.18
/home/christoforos.eseroglou/Desktop/heuristics/instances/100/test/instance58_nreq100_nveh2_gamma91.txt,100,0.15,4690.35
/home/christoforos.eseroglou/Desktop/heuristics/instances/100/test/instance58_nreq100_nveh2_gamma91.txt,100,0.2,4755.32
/home/christoforos.eseroglou/Desktop/heuristics/instances/100/test/instance33_nreq100_nveh2_gamma92.txt,100,0.01,8615.11
/home/christoforos.eseroglou/Desktop/heuristics/instances/100/test/instance33_nreq100_nveh2_gamma92.txt,100,0.03,7023.4
/home/christoforos.eseroglou/Desktop/heuristics/instances/100/test/instance33_nreq100_nveh2_gamma92.txt,100,0.05,6634.09
/home/christoforos.eseroglou/Desktop/heuristics/instances/100/test/instance33_nreq100_nveh2_gamma92.txt,100,0.07,5767.36
/home/christoforos.eseroglou/Desktop/heuristics/instances/100/test/instance33_nreq100_nveh2_gamma92.txt,100,0.1,4870.97
/home/christoforos.eseroglou/Desktop/heuristics/instances/100/test/instance33_nreq100_nveh2_gamma92.txt,100,0.15,4475.55
/home/christoforos.eseroglou/Desktop/heuristics/instances/100/test/instance33_nreq100_nveh2_gamma92.txt,100,0.2,4266.29
/home/christoforos.eseroglou/Desktop/heuristics/instances/100/test/instance44_nreq100_nveh2_gamma89.txt,100,0.01,8082.97
/home/christoforos.eseroglou/Desktop/heuristics/instances/100/test/instance44_nreq100_nveh2_gamma89.txt,100,0.03,6878.81
/home/christoforos.eseroglou/Desktop/heuristics/instances/100/test/instance44_nreq100_nveh2_gamma89.txt,100,0.05,5979.65
/home/christoforos.eseroglou/Desktop/heuristics/instances/100/test/instance44_nreq100_nveh2_gamma89.txt,100,0.07,5279.48
/home/christoforos.eseroglou/Desktop/heuristics/instances/100/test/instance44_nreq100_nveh2_gamma89.txt,100,0.1,5008.41
/home/christoforos.eseroglou/Desktop/heuristics/instances/100/test/instance44_nreq100_nveh2_gamma89.txt,100,0.15,4501.24
/home/christoforos.eseroglou/Desktop/heuristics/instances/100/test/instance44_nreq100_nveh2_gamma89.txt,100,0.2,4215.12
/home/christoforos.eseroglou/Desktop/heuristics/instances/100/test/instance46_nreq100_nveh2_gamma92.txt,100,0.01,8369.09
/home/christoforos.eseroglou/Desktop/heuristics/instances/100/test/instance46_nreq100_nveh2_gamma92.txt,100,0.03,7262.99
/home/christoforos.eseroglou/Desktop/heuristics/instances/100/test/instance46_nreq100_nveh2_gamma92.txt,100,0.05,5552.76
/home/christoforos.eseroglou/Desktop/heuristics/instances/100/test/instance46_nreq100_nveh2_gamma92.txt,100,0.07,5240.71
/home/christoforos.eseroglou/Desktop/heuristics/instances/100/test/instance46_nreq100_nveh2_gamma92.txt,100,0.1,5113.68
/home/christoforos.eseroglou/Desktop/heuristics/instances/100/test/instance46_nreq100_nveh2_gamma92.txt,100,0.15,4301.48
/home/christoforos.eseroglou/Desktop/heuristics/instances/100/test/instance46_nreq100_nveh2_gamma92.txt,100,0.2,4192.44
/home/christoforos.eseroglou/Desktop/heuristics/instances/100/test/instance59_nreq100_nveh2_gamma96.txt,100,0.01,8740.91
/home/christoforos.eseroglou/Desktop/heuristics/instances/100/test/instance59_nreq100_nveh2_gamma96.txt,100,0.03,8021.8
/home/christoforos.eseroglou/Desktop/heuristics/instances/100/test/instance59_nreq100_nveh2_gamma96.txt,100,0.05,6627.53
/home/christoforos.eseroglou/Desktop/heuristics/instances/100/test/instance59_nreq100_nveh2_gamma96.txt,100,0.07,5983.36
/home/christoforos.eseroglou/Desktop/heuristics/instances/100/test/instance59_nreq100_nveh2_gamma96.txt,100,0.1,5535.22
/home/christoforos.eseroglou/Desktop/heuristics/instances/100/test/instance59_nreq100_nveh2_gamma96.txt,100,0.15,4689.87
/home/christoforos.eseroglou/Desktop/heuristics/instances/100/test/instance59_nreq100_nveh2_gamma96.txt,100,0.2,5005.01
/home/christoforos.eseroglou/Desktop/heuristics/instances/100/test/instance43_nreq100_nveh2_gamma88.txt,100,0.01,7877.83
/home/christoforos.eseroglou/Desktop/heuristics/instances/100/test/instance43_nreq100_nveh2_gamma88.txt,100,0.03,6973.72
/home/christoforos.eseroglou/Desktop/heuristics/instances/100/test/instance43_nreq100_nveh2_gamma88.txt,100,0.05,5929.55
/home/christoforos.eseroglou/Desktop/heuristics/instances/100/test/instance43_nreq100_nveh2_gamma88.txt,100,0.07,5104.36
/home/christoforos.eseroglou/Desktop/heuristics/instances/100/test/instance43_nreq100_nveh2_gamma88.txt,100,0.1,4685.24
/home/christoforos.eseroglou/Desktop/heuristics/instances/100/test/instance43_nreq100_nveh2_gamma88.txt,100,0.15,4275.1
/home/christoforos.eseroglou/Desktop/heuristics/instances/100/test/instance43_nreq100_nveh2_gamma88.txt,100,0.2,4116.04
/home/christoforos.eseroglou/Desktop/heuristics/instances/100/test/instance50_nreq100_nveh2_gamma91.txt,100,0.01,8340.8
/home/christoforos.eseroglou/Desktop/heuristics/instances/100/test/instance50_nreq100_nveh2_gamma91.txt,100,0.03,7783.74
/home/christoforos.eseroglou/Desktop/heuristics/instances/100/test/instance50_nreq100_nveh2_gamma91.txt,100,0.05,6749.61
/home/christoforos.eseroglou/Desktop/heuristics/instances/100/test/instance50_nreq100_nveh2_gamma91.txt,100,0.07,5740.43
/home/christoforos.eseroglou/Desktop/heuristics/instances/100/test/instance50_nreq100_nveh2_gamma91.txt,100,0.1,5059.27
/home/christoforos.eseroglou/Desktop/heuristics/instances/100/test/instance50_nreq100_nveh2_gamma91.txt,100,0.15,4683.16
/home/christoforos.eseroglou/Desktop/heuristics/instances/100/test/instance50_nreq100_nveh2_gamma91.txt,100,0.2,4391.06
/home/christoforos.eseroglou/Desktop/heuristics/instances/100/test/instance52_nreq100_nveh2_gamma89.txt,100,0.01,7748.42
/home/christoforos.eseroglou/Desktop/heuristics/instances/100/test/instance52_nreq100_nveh2_gamma89.txt,100,0.03,6855.34
/home/christoforos.eseroglou/Desktop/heuristics/instances/100/test/instance52_nreq100_nveh2_gamma89.txt,100,0.05,5748.18
/home/christoforos.eseroglou/Desktop/heuristics/instances/100/test/instance52_nreq100_nveh2_gamma89.txt,100,0.07,4894.05
/home/christoforos.eseroglou/Desktop/heuristics/instances/100/test/instance52_nreq100_nveh2_gamma89.txt,100,0.1,4586.96
/home/christoforos.eseroglou/Desktop/heuristics/instances/100/test/instance52_nreq100_nveh2_gamma89.txt,100,0.15,4323.89
/home/christoforos.eseroglou/Desktop/heuristics/instances/100/test/instance52_nreq100_nveh2_gamma89.txt,100,0.2,4021.75
/home/christoforos.eseroglou/Desktop/heuristics/instances/100/test/instance42_nreq100_nveh2_gamma87.txt,100,0.01,7997.11
/home/christoforos.eseroglou/Desktop/heuristics/instances/100/test/instance42_nreq100_nveh2_gamma87.txt,100,0.03,6710.89
/home/christoforos.eseroglou/Desktop/heuristics/instances/100/test/instance42_nreq100_nveh2_gamma87.txt,100,0.05,6048.74
/home/christoforos.eseroglou/Desktop/heuristics/instances/100/test/instance42_nreq100_nveh2_gamma87.txt,100,0.07,5056.43
/home/christoforos.eseroglou/Desktop/heuristics/instances/100/test/instance42_nreq100_nveh2_gamma87.txt,100,0.1,4800.33
/home/christoforos.eseroglou/Desktop/heuristics/instances/100/test/instance42_nreq100_nveh2_gamma87.txt,100,0.15,4600.25
/home/christoforos.eseroglou/Desktop/heuristics/instances/100/test/instance42_nreq100_nveh2_gamma87.txt,100,0.2,3973.92
/home/christoforos.eseroglou/Desktop/heuristics/instances/100/test/instance34_nreq100_nveh2_gamma87.txt,100,0.01,8419.12
/home/christoforos.eseroglou/Desktop/heuristics/instances/100/test/instance34_nreq100_nveh2_gamma87.txt,100,0.03,6595.95
/home/christoforos.eseroglou/Desktop/heuristics/instances/100/test/instance34_nreq100_nveh2_gamma87.txt,100,0.05,5558.8
/home/christoforos.eseroglou/Desktop/heuristics/instances/100/test/instance34_nreq100_nveh2_gamma87.txt,100,0.07,4984.69
/home/christoforos.eseroglou/Desktop/heuristics/instances/100/test/instance34_nreq100_nveh2_gamma87.txt,100,0.1,4608.61
/home/christoforos.eseroglou/Desktop/heuristics/instances/100/test/instance34_nreq100_nveh2_gamma87.txt,100,0.15,3982.43
/home/christoforos.eseroglou/Desktop/heuristics/instances/100/test/instance34_nreq100_nveh2_gamma87.txt,100,0.2,3816.37
/home/christoforos.eseroglou/Desktop/heuristics/instances/100/test/instance36_nreq100_nveh2_gamma90.txt,100,0.01,8246.65
/home/christoforos.eseroglou/Desktop/heuristics/instances/100/test/instance36_nreq100_nveh2_gamma90.txt,100,0.03,6979.49
/home/christoforos.eseroglou/Desktop/heuristics/instances/100/test/instance36_nreq100_nveh2_gamma90.txt,100,0.05,6296.37
/home/christoforos.eseroglou/Desktop/heuristics/instances/100/test/instance36_nreq100_nveh2_gamma90.txt,100,0.07,5163.11
/home/christoforos.eseroglou/Desktop/heuristics/instances/100/test/instance36_nreq100_nveh2_gamma90.txt,100,0.1,4722.98
/home/christoforos.eseroglou/Desktop/heuristics/instances/100/test/instance36_nreq100_nveh2_gamma90.txt,100,0.15,4504.9
/home/christoforos.eseroglou/Desktop/heuristics/instances/100/test/instance36_nreq100_nveh2_gamma90.txt,100,0.2,4067.72
/home/christoforos.eseroglou/Desktop/heuristics/instances/100/test/instance40_nreq100_nveh2_gamma86.txt,100,0.01,7644.13
/home/christoforos.eseroglou/Desktop/heuristics/instances/100/test/instance40_nreq100_nveh2_gamma86.txt,100,0.03,6351.07
/home/christoforos.eseroglou/Desktop/heuristics/instances/100/test/instance40_nreq100_nveh2_gamma86.txt,100,0.05,5909.6
/home/christoforos.eseroglou/Desktop/heuristics/instances/100/test/instance40_nreq100_nveh2_gamma86.txt,100,0.07,5071.2
/home/christoforos.eseroglou/Desktop/heuristics/instances/100/test/instance40_nreq100_nveh2_gamma86.txt,100,0.1,4719.99
/home/christoforos.eseroglou/Desktop/heuristics/instances/100/test/instance40_nreq100_nveh2_gamma86.txt,100,0.15,4061.48
/home/christoforos.eseroglou/Desktop/heuristics/instances/100/test/instance40_nreq100_nveh2_gamma86.txt,100,0.2,4032.47
/home/christoforos.eseroglou/Desktop/heuristics/instances/100/test/instance56_nreq100_nveh2_gamma89.txt,100,0.01,7778.54
/home/christoforos.eseroglou/Desktop/heuristics/instances/100/test/instance56_nreq100_nveh2_gamma89.txt,100,0.03,7466.64
/home/christoforos.eseroglou/Desktop/heuristics/instances/100/test/instance56_nreq100_nveh2_gamma89.txt,100,0.05,6054.24
/home/christoforos.eseroglou/Desktop/heuristics/instances/100/test/instance56_nreq100_nveh2_gamma89.txt,100,0.07,5218.22
/home/christoforos.eseroglou/Desktop/heuristics/instances/100/test/instance56_nreq100_nveh2_gamma89.txt,100,0.1,4778.19
/home/christoforos.eseroglou/Desktop/heuristics/instances/100/test/instance56_nreq100_nveh2_gamma89.txt,100,0.15,4288.72
/home/christoforos.eseroglou/Desktop/heuristics/instances/100/test/instance56_nreq100_nveh2_gamma89.txt,100,0.2,3865.13
/home/christoforos.eseroglou/Desktop/heuristics/instances/100/test/instance31_nreq100_nveh2_gamma86.txt,100,0.01,7787.16
/home/christoforos.eseroglou/Desktop/heuristics/instances/100/test/instance31_nreq100_nveh2_gamma86.txt,100,0.03,6730.14
/home/christoforos.eseroglou/Desktop/heuristics/instances/100/test/instance31_nreq100_nveh2_gamma86.txt,100,0.05,5915.52
/home/christoforos.eseroglou/Desktop/heuristics/instances/100/test/instance31_nreq100_nveh2_gamma86.txt,100,0.07,4888.94
/home/christoforos.eseroglou/Desktop/heuristics/instances/100/test/instance31_nreq100_nveh2_gamma86.txt,100,0.1,4693.6
/home/christoforos.eseroglou/Desktop/heuristics/instances/100/test/instance31_nreq100_nveh2_gamma86.txt,100,0.15,4034.69
/home/christoforos.eseroglou/Desktop/heuristics/instances/100/test/instance31_nreq100_nveh2_gamma86.txt,100,0.2,3969.89
/home/christoforos.eseroglou/Desktop/heuristics/instances/200/test/instance51_nreq200_nveh4_gamma172.txt,200,0.01,21504.5
/home/christoforos.eseroglou/Desktop/heuristics/instances/200/test/instance51_nreq200_nveh4_gamma172.txt,200,0.03,18144.4
/home/christoforos.eseroglou/Desktop/heuristics/instances/200/test/instance51_nreq200_nveh4_gamma172.txt,200,0.05,14472.5
/home/christoforos.eseroglou/Desktop/heuristics/instances/200/test/instance51_nreq200_nveh4_gamma172.txt,200,0.07,12992.7
/home/christoforos.eseroglou/Desktop/heuristics/instances/200/test/instance51_nreq200_nveh4_gamma172.txt,200,0.1,12284.1
/home/christoforos.eseroglou/Desktop/heuristics/instances/200/test/instance51_nreq200_nveh4_gamma172.txt,200,0.15,10794.9
/home/christoforos.eseroglou/Desktop/heuristics/instances/200/test/instance51_nreq200_nveh4_gamma172.txt,200,0.2,10396.5
/home/christoforos.eseroglou/Desktop/heuristics/instances/200/test/instance48_nreq200_nveh4_gamma186.txt,200,0.01,25891.8
/home/christoforos.eseroglou/Desktop/heuristics/instances/200/test/instance48_nreq200_nveh4_gamma186.txt,200,0.03,19171.9
/home/christoforos.eseroglou/Desktop/heuristics/instances/200/test/instance48_nreq200_nveh4_gamma186.txt,200,0.05,16609.7
/home/christoforos.eseroglou/Desktop/heuristics/instances/200/test/instance48_nreq200_nveh4_gamma186.txt,200,0.07,15451.5
/home/christoforos.eseroglou/Desktop/heuristics/instances/200/test/instance48_nreq200_nveh4_gamma186.txt,200,0.1,14287.1
/home/christoforos.eseroglou/Desktop/heuristics/instances/200/test/instance48_nreq200_nveh4_gamma186.txt,200,0.15,12996.5
/home/christoforos.eseroglou/Desktop/heuristics/instances/200/test/instance48_nreq200_nveh4_gamma186.txt,200,0.2,12473.6
/home/christoforos.eseroglou/Desktop/heuristics/instances/200/test/instance39_nreq200_nveh4_gamma186.txt,200,0.01,24224
/home/christoforos.eseroglou/Desktop/heuristics/instances/200/test/instance39_nreq200_nveh4_gamma186.txt,200,0.03,19387.4
/home/christoforos.eseroglou/Desktop/heuristics/instances/200/test/instance39_nreq200_nveh4_gamma186.txt,200,0.05,16507.8
/home/christoforos.eseroglou/Desktop/heuristics/instances/200/test/instance39_nreq200_nveh4_gamma186.txt,200,0.07,15809
/home/christoforos.eseroglou/Desktop/heuristics/instances/200/test/instance39_nreq200_nveh4_gamma186.txt,200,0.1,14242.1
/home/christoforos.eseroglou/Desktop/heuristics/instances/200/test/instance39_nreq200_nveh4_gamma186.txt,200,0.15,13443.4
/home/christoforos.eseroglou/Desktop/heuristics/instances/200/test/instance39_nreq200_nveh4_gamma186.txt,200,0.2,12751
/home/christoforos.eseroglou/Desktop/heuristics/instances/200/test/instance38_nreq200_nveh4_gamma164.txt,200,0.01,21104.9
/home/christoforos.eseroglou/Desktop/heuristics/instances/200/test/instance38_nreq200_nveh4_gamma164.txt,200,0.03,16097.6
/home/christoforos.eseroglou/Desktop/heuristics/instances/200/test/instance38_nreq200_nveh4_gamma164.txt,200,0.05,14026.3
/home/christoforos.eseroglou/Desktop/heuristics/instances/200/test/instance38_nreq200_nveh4_gamma164.txt,200,0.07,12853.5
/home/christoforos.eseroglou/Desktop/heuristics/instances/200/test/instance38_nreq200_nveh4_gamma164.txt,200,0.1,11864.2
/home/christoforos.eseroglou/Desktop/heuristics/instances/200/test/instance38_nreq200_nveh4_gamma164.txt,200,0.15,11083.4
/home/christoforos.eseroglou/Desktop/heuristics/instances/200/test/instance38_nreq200_nveh4_gamma164.txt,200,0.2,11005.7
/home/christoforos.eseroglou/Desktop/heuristics/instances/200/test/instance59_nreq200_nveh4_gamma170.txt,200,0.01,21726.3
/home/christoforos.eseroglou/Desktop/heuristics/instances/200/test/instance59_nreq200_nveh4_gamma170.txt,200,0.03,18091.1
/home/christoforos.eseroglou/Desktop/heuristics/instances/200/test/instance59_nreq200_nveh4_gamma170.txt,200,0.05,15079.4
/home/christoforos.eseroglou/Desktop/heuristics/instances/200/test/instance59_nreq200_nveh4_gamma170.txt,200,0.07,13096.6
/home/christoforos.eseroglou/Desktop/heuristics/instances/200/test/instance59_nreq200_nveh4_gamma170.txt,200,0.1,12248.2
/home/christoforos.eseroglou/Desktop/heuristics/instances/200/test/instance59_nreq200_nveh4_gamma170.txt,200,0.15,11867.9
/home/christoforos.eseroglou/Desktop/heuristics/instances/200/test/instance59_nreq200_nveh4_gamma170.txt,200,0.2,11796.1
/home/christoforos.eseroglou/Desktop/heuristics/instances/200/test/instance58_nreq200_nveh4_gamma187.txt,200,0.01,24603.4
/home/christoforos.eseroglou/Desktop/heuristics/instances/200/test/instance58_nreq200_nveh4_gamma187.txt,200,0.03,18815.3
/home/christoforos.eseroglou/Desktop/heuristics/instances/200/test/instance58_nreq200_nveh4_gamma187.txt,200,0.05,16269
/home/christoforos.eseroglou/Desktop/heuristics/instances/200/test/instance58_nreq200_nveh4_gamma187.txt,200,0.07,15164.3
/home/christoforos.eseroglou/Desktop/heuristics/instances/200/test/instance58_nreq200_nveh4_gamma187.txt,200,0.1,14054.7
/home/christoforos.eseroglou/Desktop/heuristics/instances/200/test/instance58_nreq200_nveh4_gamma187.txt,200,0.15,13528
/home/christoforos.eseroglou/Desktop/heuristics/instances/200/test/instance58_nreq200_nveh4_gamma187.txt,200,0.2,13708.3
/home/christoforos.eseroglou/Desktop/heuristics/instances/200/test/instance41_nreq200_nveh4_gamma196.txt,200,0.01,25279.4
/home/christoforos.eseroglou/Desktop/heuristics/instances/200/test/instance41_nreq200_nveh4_gamma196.txt,200,0.03,20566.2
/home/christoforos.eseroglou/Desktop/heuristics/instances/200/test/instance41_nreq200_nveh4_gamma196.txt,200,0.05,17123.3
/home/christoforos.eseroglou/Desktop/heuristics/instances/200/test/instance41_nreq200_nveh4_gamma196.txt,200,0.07,15972.5
/home/christoforos.eseroglou/Desktop/heuristics/instances/200/test/instance41_nreq200_nveh4_gamma196.txt,200,0.1,14041.9
/home/christoforos.eseroglou/Desktop/heuristics/instances/200/test/instance41_nreq200_nveh4_gamma196.txt,200,0.15,13255.3
/home/christoforos.eseroglou/Desktop/heuristics/instances/200/test/instance41_nreq200_nveh4_gamma196.txt,200,0.2,13112.2
/home/christoforos.eseroglou/Desktop/heuristics/instances/200/test/instance55_nreq200_nveh4_gamma172.txt,200,0.01,21281.4
/home/christoforos.eseroglou/Desktop/heuristics/instances/200/test/instance55_nreq200_nveh4_gamma172.txt,200,0.03,16858
/home/christoforos.eseroglou/Desktop/heuristics/instances/200/test/instance55_nreq200_nveh4_gamma172.txt,200,0.05,14089.4
/home/christoforos.eseroglou/Desktop/heuristics/instances/200/test/instance55_nreq200_nveh4_gamma172.txt,200,0.07,12918.1
/home/christoforos.eseroglou/Desktop/heuristics/instances/200/test/instance55_nreq200_nveh4_gamma172.txt,200,0.1,11586.4
/home/christoforos.eseroglou/Desktop/heuristics/instances/200/test/instance55_nreq200_nveh4_gamma172.txt,200,0.15,11039.4
/home/christoforos.eseroglou/Desktop/heuristics/instances/200/test/instance55_nreq200_nveh4_gamma172.txt,200,0.2,9984.12
/home/christoforos.eseroglou/Desktop/heuristics/instances/200/test/instance34_nreq200_nveh4_gamma184.txt,200,0.01,22782.3
/home/christoforos.eseroglou/Desktop/heuristics/instances/200/test/instance34_nreq200_nveh4_gamma184.txt,200,0.03,18842.1
/home/christoforos.eseroglou/Desktop/heuristics/instances/200/test/instance34_nreq200_nveh4_gamma184.txt,200,0.05,15488.5
/home/christoforos.eseroglou/Desktop/heuristics/instances/200/test/instance34_nreq200_nveh4_gamma184.txt,200,0.07,14757.7
/home/christoforos.eseroglou/Desktop/heuristics/instances/200/test/instance34_nreq200_nveh4_gamma184.txt,200,0.1,12443.4
/home/christoforos.eseroglou/Desktop/heuristics/instances/200/test/instance34_nreq200_nveh4_gamma184.txt,200,0.15,11778.2
/home/christoforos.eseroglou/Desktop/heuristics/instances/200/test/instance34_nreq200_nveh4_gamma184.txt,200,0.2,11016.6
/home/christoforos.eseroglou/Desktop/heuristics/instances/200/test/instance53_nreq200_nveh4_gamma167.txt,200,0.01,22204.4
/home/christoforos.eseroglou/Desktop/heuristics/instances/200/test/instance53_nreq200_nveh4_gamma167.txt,200,0.03,17615
/home/christoforos.eseroglou/Desktop/heuristics/instances/200/test/instance53_nreq200_nveh4_gamma167.txt,200,0.05,14405.5
/home/christoforos.eseroglou/Desktop/heuristics/instances/200/test/instance53_nreq200_nveh4_gamma167.txt,200,0.07,12884.7
/home/christoforos.eseroglou/Desktop/heuristics/instances/200/test/instance53_nreq200_nveh4_gamma167.txt,200,0.1,11986.8
/home/christoforos.eseroglou/Desktop/heuristics/instances/200/test/instance53_nreq200_nveh4_gamma167.txt,200,0.15,11167.3
/home/christoforos.eseroglou/Desktop/heuristics/instances/200/test/instance53_nreq200_nveh4_gamma167.txt,200,0.2,10875.4
/home/christoforos.eseroglou/Desktop/heuristics/instances/200/test/instance37_nreq200_nveh4_gamma191.txt,200,0.01,24917.1
/home/christoforos.eseroglou/Desktop/heuristics/instances/200/test/instance37_nreq200_nveh4_gamma191.txt,200,0.03,19524.4
/home/christoforos.eseroglou/Desktop/heuristics/instances/200/test/instance37_nreq200_nveh4_gamma191.txt,200,0.05,16837.4
/home/christoforos.eseroglou/Desktop/heuristics/instances/200/test/instance37_nreq200_nveh4_gamma191.txt,200,0.07,14936.2
/home/christoforos.eseroglou/Desktop/heuristics/instances/200/test/instance37_nreq200_nveh4_gamma191.txt,200,0.1,13473.3
/home/christoforos.eseroglou/Desktop/heuristics/instances/200/test/instance37_nreq200_nveh4_gamma191.txt,200,0.15,13218.6
/home/christoforos.eseroglou/Desktop/heuristics/instances/200/test/instance37_nreq200_nveh4_gamma191.txt,200,0.2,13030.2
/home/christoforos.eseroglou/Desktop/heuristics/instances/200/test/instance42_nreq200_nveh4_gamma179.txt,200,0.01,22232.8
/home/christoforos.eseroglou/Desktop/heuristics/instances/200/test/instance42_nreq200_nveh4_gamma179.txt,200,0.03,17885.7
/home/christoforos.eseroglou/Desktop/heuristics/instances/200/test/instance42_nreq200_nveh4_gamma179.txt,200,0.05,15588.6
/home/christoforos.eseroglou/Desktop/heuristics/instances/200/test/instance42_nreq200_nveh4_gamma179.txt,200,0.07,14002.3
/home/christoforos.eseroglou/Desktop/heuristics/instances/200/test/instance42_nreq200_nveh4_gamma179.txt,200,0.1,12597.1
/home/christoforos.eseroglou/Desktop/heuristics/instances/200/test/instance42_nreq200_nveh4_gamma179.txt,200,0.15,11358.2
/home/christoforos.eseroglou/Desktop/heuristics/instances/200/test/instance42_nreq200_nveh4_gamma179.txt,200,0.2,12238.9
/home/christoforos.eseroglou/Desktop/heuristics/instances/200/test/instance56_nreq200_nveh4_gamma171.txt,200,0.01,21875.8
/home/christoforos.eseroglou/Desktop/heuristics/instances/200/test/instance56_nreq200_nveh4_gamma171.txt,200,0.03,16482.5
/home/christoforos.eseroglou/Desktop/heuristics/instances/200/test/instance56_nreq200_nveh4_gamma171.txt,200,0.05,14348.6
/home/christoforos.eseroglou/Desktop/heuristics/instances/200/test/instance56_nreq200_nveh4_gamma171.txt,200,0.07,12011.2
/home/christoforos.eseroglou/Desktop/heuristics/instances/200/test/instance56_nreq200_nveh4_gamma171.txt,200,0.1,11171.2
/home/christoforos.eseroglou/Desktop/heuristics/instances/200/test/instance56_nreq200_nveh4_gamma171.txt,200,0.15,10598.5
/home/christoforos.eseroglou/Desktop/heuristics/instances/200/test/instance56_nreq200_nveh4_gamma171.txt,200,0.2,10297.9
/home/christoforos.eseroglou/Desktop/heuristics/instances/200/test/instance40_nreq200_nveh4_gamma183.txt,200,0.01,22324
/home/christoforos.eseroglou/Desktop/heuristics/instances/200/test/instance40_nreq200_nveh4_gamma183.txt,200,0.03,17153.9
/home/christoforos.eseroglou/Desktop/heuristics/instances/200/test/instance40_nreq200_nveh4_gamma183.txt,200,0.05,15325.6
/home/christoforos.eseroglou/Desktop/heuristics/instances/200/test/instance40_nreq200_nveh4_gamma183.txt,200,0.07,13168.9
/home/christoforos.eseroglou/Desktop/heuristics/instances/200/test/instance40_nreq200_nveh4_gamma183.txt,200,0.1,12649
/home/christoforos.eseroglou/Desktop/heuristics/instances/200/test/instance40_nreq200_nveh4_gamma183.txt,200,0.15,11940.3
/home/christoforos.eseroglou/Desktop/heuristics/instances/200/test/instance40_nreq200_nveh4_gamma183.txt,200,0.2,11424.9
/home/christoforos.eseroglou/Desktop/heuristics/instances/200/test/instance33_nreq200_nveh4_gamma181.txt,200,0.01,22993
/home/christoforos.eseroglou/Desktop/heuristics/instances/200/test/instance33_nreq200_nveh4_gamma181.txt,200,0.03,17812.4
/home/christoforos.eseroglou/Desktop/heuristics/instances/200/test/instance33_nreq200_nveh4_gamma181.txt,200,0.05,15335.7
/home/christoforos.eseroglou/Desktop/heuristics/instances/200/test/instance33_nreq200_nveh4_gamma181.txt,200,0.07,13099
/home/christoforos.eseroglou/Desktop/heuristics/instances/200/test/instance33_nreq200_nveh4_gamma181.txt,200,0.1,12225.3
/home/christoforos.eseroglou/Desktop/heuristics/instances/200/test/instance33_nreq200_nveh4_gamma181.txt,200,0.15,11594.4
/home/christoforos.eseroglou/Desktop/heuristics/instances/200/test/instance33_nreq200_nveh4_gamma181.txt,200,0.2,10995.7
/home/christoforos.eseroglou/Desktop/heuristics/instances/200/test/instance32_nreq200_nveh4_gamma184.txt,200,0.01,24749.6
/home/christoforos.eseroglou/Desktop/heuristics/instances/200/test/instance32_nreq200_nveh4_gamma184.txt,200,0.03,18796.1
/home/christoforos.eseroglou/Desktop/heuristics/instances/200/test/instance32_nreq200_nveh4_gamma184.txt,200,0.05,16390.9
/home/christoforos.eseroglou/Desktop/heuristics/instances/200/test/instance32_nreq200_nveh4_gamma184.txt,200,0.07,13544.5
/home/christoforos.eseroglou/Desktop/heuristics/instances/200/test/instance32_nreq200_nveh4_gamma184.txt,200,0.1,12248.3
/home/christoforos.eseroglou/Desktop/heuristics/instances/200/test/instance32_nreq200_nveh4_gamma184.txt,200,0.15,11581.9
/home/christoforos.eseroglou/Desktop/heuristics/instances/200/test/instance32_nreq200_nveh4_gamma184.txt,200,0.2,11244.6
/home/christoforos.eseroglou/Desktop/heuristics/instances/200/test/instance36_nreq200_nveh4_gamma181.txt,200,0.01,22959.3
/home/christoforos.eseroglou/Desktop/heuristics/instances/200/test/instance36_nreq200_nveh4_gamma181.txt,200,0.03,18954.7
/home/christoforos.eseroglou/Desktop/heuristics/instances/200/test/instance36_nreq200_nveh4_gamma181.txt,200,0.05,15594.3
/home/christoforos.eseroglou/Desktop/heuristics/instances/200/test/instance36_nreq200_nveh4_gamma181.txt,200,0.07,13732
/home/christoforos.eseroglou/Desktop/heuristics/instances/200/test/instance36_nreq200_nveh4_gamma181.txt,200,0.1,12429.8
/home/christoforos.eseroglou/Desktop/heuristics/instances/200/test/instance36_nreq200_nveh4_gamma181.txt,200,0.15,11907.6
/home/christoforos.eseroglou/Desktop/heuristics/instances/200/test/instance36_nreq200_nveh4_gamma181.txt,200,0.2,11410.4
/home/christoforos.eseroglou/Desktop/heuristics/instances/200/test/instance46_nreq200_nveh4_gamma178.txt,200,0.01,23448
/home/christoforos.eseroglou/Desktop/heuristics/instances/200/test/instance46_nreq200_nveh4_gamma178.txt,200,0.03,17924.1
/home/christoforos.eseroglou/Desktop/heuristics/instances/200/test/instance46_nreq200_nveh4_gamma178.txt,200,0.05,14755
/home/christoforos.eseroglou/Desktop/heuristics/instances/200/test/instance46_nreq200_nveh4_gamma178.txt,200,0.07,13770.7
/home/christoforos.eseroglou/Desktop/heuristics/instances/200/test/instance46_nreq200_nveh4_gamma178.txt,200,0.1,12842.3
/home/christoforos.eseroglou/Desktop/heuristics/instances/200/test/instance46_nreq200_nveh4_gamma178.txt,200,0.15,11750.5
/home/christoforos.eseroglou/Desktop/heuristics/instances/200/test/instance46_nreq200_nveh4_gamma178.txt,200,0.2,11411.3
/home/christoforos.eseroglou/Desktop/heuristics/instances/200/test/instance31_nreq200_nveh4_gamma192.txt,200,0.01,25913.1
/home/christoforos.eseroglou/Desktop/heuristics/instances/200/test/instance31_nreq200_nveh4_gamma192.txt,200,0.03,19647.4
/home/christoforos.eseroglou/Desktop/heuristics/instances/200/test/instance31_nreq200_nveh4_gamma192.txt,200,0.05,17546.4
/home/christoforos.eseroglou/Desktop/heuristics/instances/200/test/instance31_nreq200_nveh4_gamma192.txt,200,0.07,14914.4
/home/christoforos.eseroglou/Desktop/heuristics/instances/200/test/instance31_nreq200_nveh4_gamma192.txt,200,0.1,13249.3
/home/christoforos.eseroglou/Desktop/heuristics/instances/200/test/instance31_nreq200_nveh4_gamma192.txt,200,0.15,12559.4
/home/christoforos.eseroglou/Desktop/heuristics/instances/200/test/instance31_nreq200_nveh4_gamma192.txt,200,0.2,13331.4
/home/christoforos.eseroglou/Desktop/heuristics/instances/200/test/instance50_nreq200_nveh4_gamma170.txt,200,0.01,21440
/home/christoforos.eseroglou/Desktop/heuristics/instances/200/test/instance50_nreq200_nveh4_gamma170.txt,200,0.03,16997
/home/christoforos.eseroglou/Desktop/heuristics/instances/200/test/instance50_nreq200_nveh4_gamma170.txt,200,0.05,14782.3
/home/christoforos.eseroglou/Desktop/heuristics/instances/200/test/instance50_nreq200_nveh4_gamma170.txt,200,0.07,13054.1
/home/christoforos.eseroglou/Desktop/heuristics/instances/200/test/instance50_nreq200_nveh4_gamma170.txt,200,0.1,11815.6
/home/christoforos.eseroglou/Desktop/heuristics/instances/200/test/instance50_nreq200_nveh4_gamma170.txt,200,0.15,10635.1
/home/christoforos.eseroglou/Desktop/heuristics/instances/200/test/instance50_nreq200_nveh4_gamma170.txt,200,0.2,10649.2
/home/christoforos.eseroglou/Desktop/heuristics/instances/200/test/instance44_nreq200_nveh4_gamma183.txt,200,0.01,23475.8
/home/christoforos.eseroglou/Desktop/heuristics/instances/200/test/instance44_nreq200_nveh4_gamma183.txt,200,0.03,18493.3
/home/christoforos.eseroglou/Desktop/heuristics/instances/200/test/instance44_nreq200_nveh4_gamma183.txt,200,0.05,15600.8
/home/christoforos.eseroglou/Desktop/heuristics/instances/200/test/instance44_nreq200_nveh4_gamma183.txt,200,0.07,14589.6
/home/christoforos.eseroglou/Desktop/heuristics/instances/200/test/instance44_nreq200_nveh4_gamma183.txt,200,0.1,12536.6
/home/christoforos.eseroglou/Desktop/heuristics/instances/200/test/instance44_nreq200_nveh4_gamma183.txt,200,0.15,12085
/home/christoforos.eseroglou/Desktop/heuristics/instances/200/test/instance44_nreq200_nveh4_gamma183.txt,200,0.2,11492.9
/home/christoforos.eseroglou/Desktop/heuristics/instances/200/test/instance43_nreq200_nveh4_gamma167.txt,200,0.01,21085.4
/home/christoforos.eseroglou/Desktop/heuristics/instances/200/test/instance43_nreq200_nveh4_gamma167.txt,200,0.03,17322
/home/christoforos.eseroglou/Desktop/heuristics/instances/200/test/instance43_nreq200_nveh4_gamma167.txt,200,0.05,14406.6
/home/christoforos.eseroglou/Desktop/heuristics/instances/200/test/instance43_nreq200_nveh4_gamma167.txt,200,0.07,13103
/home/christoforos.eseroglou/Desktop/heuristics/instances/200/test/instance43_nreq200_nveh4_gamma167.txt,200,0.1,11791.9
/home/christoforos.eseroglou/Desktop/heuristics/instances/200/test/instance43_nreq200_nveh4_gamma167.txt,200,0.15,10355.3
/home/christoforos.eseroglou/Desktop/heuristics/instances/200/test/instance43_nreq200_nveh4_gamma167.txt,200,0.2,10690.9
/home/christoforos.eseroglou/Desktop/heuristics/instances/200/test/instance45_nreq200_nveh4_gamma180.txt,200,0.01,22405.3
/home/christoforos.eseroglou/Desktop/heuristics/instances/200/test/instance45_nreq200_nveh4_gamma180.txt,200,0.03,18371.3
/home/christoforos.eseroglou/Desktop/heuristics/instances/200/test/instance45_nreq200_nveh4_gamma180.txt,200,0.05,15639.8
/home/christoforos.eseroglou/Desktop/heuristics/instances/200/test/instance45_nreq200_nveh4_gamma180.txt,200,0.07,14466.2
/home/christoforos.eseroglou/Desktop/heuristics/instances/200/test/instance45_nreq200_nveh4_gamma180.txt,200,0.1,12574.9
/home/christoforos.eseroglou/Desktop/heuristics/instances/200/test/instance45_nreq200_nveh4_gamma180.txt,200,0.15,11772.5
/home/christoforos.eseroglou/Desktop/heuristics/instances/200/test/instance45_nreq200_nveh4_gamma180.txt,200,0.2,11466.4
/home/christoforos.eseroglou/Desktop/heuristics/instances/200/test/instance35_nreq200_nveh4_gamma183.txt,200,0.01,22562
/home/christoforos.eseroglou/Desktop/heuristics/instances/200/test/instance35_nreq200_nveh4_gamma183.txt,200,0.03,18596.8
/home/christoforos.eseroglou/Desktop/heuristics/instances/200/test/instance35_nreq200_nveh4_gamma183.txt,200,0.05,15685.8
/home/christoforos.eseroglou/Desktop/heuristics/instances/200/test/instance35_nreq200_nveh4_gamma183.txt,200,0.07,15435.4
/home/christoforos.eseroglou/Desktop/heuristics/instances/200/test/instance35_nreq200_nveh4_gamma183.txt,200,0.1,12777.5
/home/christoforos.eseroglou/Desktop/heuristics/instances/200/test/instance35_nreq200_nveh4_gamma183.txt,200,0.15,12562.4
/home/christoforos.eseroglou/Desktop/heuristics/instances/200/test/instance35_nreq200_nveh4_gamma183.txt,200,0.2,11967.7
/home/christoforos.eseroglou/Desktop/heuristics/instances/200/test/instance49_nreq200_nveh4_gamma187.txt,200,0.01,23637.9
/home/christoforos.eseroglou/Desktop/heuristics/instances/200/test/instance49_nreq200_nveh4_gamma187.txt,200,0.03,19009.2
/home/christoforos.eseroglou/Desktop/heuristics/instances/200/test/instance49_nreq200_nveh4_gamma187.txt,200,0.05,16287.9
/home/christoforos.eseroglou/Desktop/heuristics/instances/200/test/instance49_nreq200_nveh4_gamma187.txt,200,0.07,14389.3
/home/christoforos.eseroglou/Desktop/heuristics/instances/200/test/instance49_nreq200_nveh4_gamma187.txt,200,0.1,13569
/home/christoforos.eseroglou/Desktop/heuristics/instances/200/test/instance49_nreq200_nveh4_gamma187.txt,200,0.15,12408.5
/home/christoforos.eseroglou/Desktop/heuristics/instances/200/test/instance49_nreq200_nveh4_gamma187.txt,200,0.2,12017.9
/home/christoforos.eseroglou/Desktop/heuristics/instances/200/test/instance52_nreq200_nveh4_gamma174.txt,200,0.01,21778.9
/home/christoforos.eseroglou/Desktop/heuristics/instances/200/test/instance52_nreq200_nveh4_gamma174.txt,200,0.03,17506.6
/home/christoforos.eseroglou/Desktop/heuristics/instances/200/test/instance52_nreq200_nveh4_gamma174.txt,200,0.05,14200.4
/home/christoforos.eseroglou/Desktop/heuristics/instances/200/test/instance52_nreq200_nveh4_gamma174.txt,200,0.07,13781.9
/home/christoforos.eseroglou/Desktop/heuristics/instances/200/test/instance52_nreq200_nveh4_gamma174.txt,200,0.1,12047.7
/home/christoforos.eseroglou/Desktop/heuristics/instances/200/test/instance52_nreq200_nveh4_gamma174.txt,200,0.15,11406
/home/christoforos.eseroglou/Desktop/heuristics/instances/200/test/instance52_nreq200_nveh4_gamma174.txt,200,0.2,11498.2
/home/christoforos.eseroglou/Desktop/heuristics/instances/200/test/instance60_nreq200_nveh4_gamma178.txt,200,0.01,22512.4
/home/christoforos.eseroglou/Desktop/heuristics/instances/200/test/instance60_nreq200_nveh4_gamma178.txt,200,0.03,18008
/home/christoforos.eseroglou/Desktop/heuristics/instances/200/test/instance60_nreq200_nveh4_gamma178.txt,200,0.05,15341.7
/home/christoforos.eseroglou/Desktop/heuristics/instances/200/test/instance60_nreq200_nveh4_gamma178.txt,200,0.07,14669.3
/home/christoforos.eseroglou/Desktop/heuristics/instances/200/test/instance60_nreq200_nveh4_gamma178.txt,200,0.1,12942
/home/christoforos.eseroglou/Desktop/heuristics/instances/200/test/instance60_nreq200_nveh4_gamma178.txt,200,0.15,12311.9
/home/christoforos.eseroglou/Desktop/heuristics/instances/200/test/instance60_nreq200_nveh4_gamma178.txt,200,0.2,12069.8
/home/christoforos.eseroglou/Desktop/heuristics/instances/200/test/instance47_nreq200_nveh4_gamma184.txt,200,0.01,24091.2
/home/christoforos.eseroglou/Desktop/heuristics/instances/200/test/instance47_nreq200_nveh4_gamma184.txt,200,0.03,18900.8
/home/christoforos.eseroglou/Desktop/heuristics/instances/200/test/instance47_nreq200_nveh4_gamma184.txt,200,0.05,16220.4
/home/christoforos.eseroglou/Desktop/heuristics/instances/200/test/instance47_nreq200_nveh4_gamma184.txt,200,0.07,14533.6
/home/christoforos.eseroglou/Desktop/heuristics/instances/200/test/instance47_nreq200_nveh4_gamma184.txt,200,0.1,13325.8
/home/christoforos.eseroglou/Desktop/heuristics/instances/200/test/instance47_nreq200_nveh4_gamma184.txt,200,0.15,12466.2
/home/christoforos.eseroglou/Desktop/heuristics/instances/200/test/instance47_nreq200_nveh4_gamma184.txt,200,0.2,12579.1
/home/christoforos.eseroglou/Desktop/heuristics/instances/200/test/instance57_nreq200_nveh4_gamma172.txt,200,0.01,21417.3
/home/christoforos.eseroglou/Desktop/heuristics/instances/200/test/instance57_nreq200_nveh4_gamma172.txt,200,0.03,16925.3
/home/christoforos.eseroglou/Desktop/heuristics/instances/200/test/instance57_nreq200_nveh4_gamma172.txt,200,0.05,14534.1
/home/christoforos.eseroglou/Desktop/heuristics/instances/200/test/instance57_nreq200_nveh4_gamma172.txt,200,0.07,13035.1
/home/christoforos.eseroglou/Desktop/heuristics/instances/200/test/instance57_nreq200_nveh4_gamma172.txt,200,0.1,11883.3
/home/christoforos.eseroglou/Desktop/heuristics/instances/200/test/instance57_nreq200_nveh4_gamma172.txt,200,0.15,11575.7
/home/christoforos.eseroglou/Desktop/heuristics/instances/200/test/instance57_nreq200_nveh4_gamma172.txt,200,0.2,11183.6
/home/christoforos.eseroglou/Desktop/heuristics/instances/200/test/instance54_nreq200_nveh4_gamma174.txt,200,0.01,22128.9
/home/christoforos.eseroglou/Desktop/heuristics/instances/200/test/instance54_nreq200_nveh4_gamma174.txt,200,0.03,18047.2
/home/christoforos.eseroglou/Desktop/heuristics/instances/200/test/instance54_nreq200_nveh4_gamma174.txt,200,0.05,15311
/home/christoforos.eseroglou/Desktop/heuristics/instances/200/test/instance54_nreq200_nveh4_gamma174.txt,200,0.07,13615
/home/christoforos.eseroglou/Desktop/heuristics/instances/200/test/instance54_nreq200_nveh4_gamma174.txt,200,0.1,12198.6
/home/christoforos.eseroglou/Desktop/heuristics/instances/200/test/instance54_nreq200_nveh4_gamma174.txt,200,0.15,11678.9
/home/christoforos.eseroglou/Desktop/heuristics/instances/200/test/instance54_nreq200_nveh4_gamma174.txt,200,0.2,11298.4
/home/christoforos.eseroglou/Desktop/heuristics/instances/500/test/instance37_nreq500_nveh10_gamma472.txt,500,0.01,89613.6
/home/christoforos.eseroglou/Desktop/heuristics/instances/500/test/instance37_nreq500_nveh10_gamma472.txt,500,0.03,66070.1
/home/christoforos.eseroglou/Desktop/heuristics/instances/500/test/instance37_nreq500_nveh10_gamma472.txt,500,0.05,54434.3
/home/christoforos.eseroglou/Desktop/heuristics/instances/500/test/instance37_nreq500_nveh10_gamma472.txt,500,0.07,49966
/home/christoforos.eseroglou/Desktop/heuristics/instances/500/test/instance37_nreq500_nveh10_gamma472.txt,500,0.1,47927.6
/home/christoforos.eseroglou/Desktop/heuristics/instances/500/test/instance37_nreq500_nveh10_gamma472.txt,500,0.15,45400.1
/home/christoforos.eseroglou/Desktop/heuristics/instances/500/test/instance37_nreq500_nveh10_gamma472.txt,500,0.2,45504.9
/home/christoforos.eseroglou/Desktop/heuristics/instances/500/test/instance32_nreq500_nveh10_gamma448.txt,500,0.01,81974
/home/christoforos.eseroglou/Desktop/heuristics/instances/500/test/instance32_nreq500_nveh10_gamma448.txt,500,0.03,60312.4
/home/christoforos.eseroglou/Desktop/heuristics/instances/500/test/instance32_nreq500_nveh10_gamma448.txt,500,0.05,52327.5
/home/christoforos.eseroglou/Desktop/heuristics/instances/500/test/instance32_nreq500_nveh10_gamma448.txt,500,0.07,48184.7
/home/christoforos.eseroglou/Desktop/heuristics/instances/500/test/instance32_nreq500_nveh10_gamma448.txt,500,0.1,45639.1
/home/christoforos.eseroglou/Desktop/heuristics/instances/500/test/instance32_nreq500_nveh10_gamma448.txt,500,0.15,43111.8
/home/christoforos.eseroglou/Desktop/heuristics/instances/500/test/instance32_nreq500_nveh10_gamma448.txt,500,0.2,42952.6
/home/christoforos.eseroglou/Desktop/heuristics/instances/500/test/instance54_nreq500_nveh10_gamma444.txt,500,0.01,84176.1
/home/christoforos.eseroglou/Desktop/heuristics/instances/500/test/instance54_nreq500_nveh10_gamma444.txt,500,0.03,60920.7
/home/christoforos.eseroglou/Desktop/heuristics/instances/500/test/instance54_nreq500_nveh10_gamma444.txt,500,0.05,51723.7
/home/christoforos.eseroglou/Desktop/heuristics/instances/500/test/instance54_nreq500_nveh10_gamma444.txt,500,0.07,48028.4
/home/christoforos.eseroglou/Desktop/heuristics/instances/500/test/instance54_nreq500_nveh10_gamma444.txt,500,0.1,46099.2
/home/christoforos.eseroglou/Desktop/heuristics/instances/500/test/instance54_nreq500_nveh10_gamma444.txt,500,0.15,44482.6
/home/christoforos.eseroglou/Desktop/heuristics/instances/500/test/instance54_nreq500_nveh10_gamma444.txt,500,0.2,43305.5
/home/christoforos.eseroglou/Desktop/heuristics/instances/500/test/instance57_nreq500_nveh10_gamma437.txt,500,0.01,83774.9
/home/christoforos.eseroglou/Desktop/heuristics/instances/500/test/instance57_nreq500_nveh10_gamma437.txt,500,0.03,59492.8
/home/christoforos.eseroglou/Desktop/heuristics/instances/500/test/instance57_nreq500_nveh10_gamma437.txt,500,0.05,50948
/home/christoforos.eseroglou/Desktop/heuristics/instances/500/test/instance57_nreq500_nveh10_gamma437.txt,500,0.07,47095.1
/home/christoforos.eseroglou/Desktop/heuristics/instances/500/test/instance57_nreq500_nveh10_gamma437.txt,500,0.1,41498.4
/home/christoforos.eseroglou/Desktop/heuristics/instances/500/test/instance57_nreq500_nveh10_gamma437.txt,500,0.15,42229.3
/home/christoforos.eseroglou/Desktop/heuristics/instances/500/test/instance57_nreq500_nveh10_gamma437.txt,500,0.2,42463.4
/home/christoforos.eseroglou/Desktop/heuristics/instances/500/test/instance31_nreq500_nveh10_gamma465.txt,500,0.01,88107.6
/home/christoforos.eseroglou/Desktop/heuristics/instances/500/test/instance31_nreq500_nveh10_gamma465.txt,500,0.03,63700.6
/home/christoforos.eseroglou/Desktop/heuristics/instances/500/test/instance31_nreq500_nveh10_gamma465.txt,500,0.05,57284.5
/home/christoforos.eseroglou/Desktop/heuristics/instances/500/test/instance31_nreq500_nveh10_gamma465.txt,500,0.07,51572.6
/home/christoforos.eseroglou/Desktop/heuristics/instances/500/test/instance31_nreq500_nveh10_gamma465.txt,500,0.1,48707.3
/home/christoforos.eseroglou/Desktop/heuristics/instances/500/test/instance31_nreq500_nveh10_gamma465.txt,500,0.15,46280.8
/home/christoforos.eseroglou/Desktop/heuristics/instances/500/test/instance31_nreq500_nveh10_gamma465.txt,500,0.2,45773.8
/home/christoforos.eseroglou/Desktop/heuristics/instances/500/test/instance56_nreq500_nveh10_gamma439.txt,500,0.01,84538.8
/home/christoforos.eseroglou/Desktop/heuristics/instances/500/test/instance56_nreq500_nveh10_gamma439.txt,500,0.03,62507.3
/home/christoforos.eseroglou/Desktop/heuristics/instances/500/test/instance56_nreq500_nveh10_gamma439.txt,500,0.05,50772
/home/christoforos.eseroglou/Desktop/heuristics/instances/500/test/instance56_nreq500_nveh10_gamma439.txt,500,0.07,47757.6
/home/christoforos.eseroglou/Desktop/heuristics/instances/500/test/instance56_nreq500_nveh10_gamma439.txt,500,0.1,44229.2
/home/christoforos.eseroglou/Desktop/heuristics/instances/500/test/instance56_nreq500_nveh10_gamma439.txt,500,0.15,44724.5
/home/christoforos.eseroglou/Desktop/heuristics/instances/500/test/instance56_nreq500_nveh10_gamma439.txt,500,0.2,43041
/home/christoforos.eseroglou/Desktop/heuristics/instances/500/test/instance47_nreq500_nveh10_gamma462.txt,500,0.01,87113.3
/home/christoforos.eseroglou/Desktop/heuristics/instances/500/test/instance47_nreq500_nveh10_gamma462.txt,500,0.03,63783.8
/home/christoforos.eseroglou/Desktop/heuristics/instances/500/test/instance47_nreq500_nveh10_gamma462.txt,500,0.05,55257.4
/home/christoforos.eseroglou/Desktop/heuristics/instances/500/test/instance47_nreq500_nveh10_gamma462.txt,500,0.07,49581.7
/home/christoforos.eseroglou/Desktop/heuristics/instances/500/test/instance47_nreq500_nveh10_gamma462.txt,500,0.1,46549.8
/home/christoforos.eseroglou/Desktop/heuristics/instances/500/test/instance47_nreq500_nveh10_gamma462.txt,500,0.15,46650.7
/home/christoforos.eseroglou/Desktop/heuristics/instances/500/test/instance47_nreq500_nveh10_gamma462.txt,500,0.2,44828.5
/home/christoforos.eseroglou/Desktop/heuristics/instances/500/test/instance38_nreq500_nveh10_gamma432.txt,500,0.01,81811.2
/home/christoforos.eseroglou/Desktop/heuristics/instances/500/test/instance38_nreq500_nveh10_gamma432.txt,500,0.03,60222.1
/home/christoforos.eseroglou/Desktop/heuristics/instances/500/test/instance38_nreq500_nveh10_gamma432.txt,500,0.05,50385.3
/home/christoforos.eseroglou/Desktop/heuristics/instances/500/test/instance38_nreq500_nveh10_gamma432.txt,500,0.07,46084.3
/home/christoforos.eseroglou/Desktop/heuristics/instances/500/test/instance38_nreq500_nveh10_gamma432.txt,500,0.1,44443
/home/christoforos.eseroglou/Desktop/heuristics/instances/500/test/instance38_nreq500_nveh10_gamma432.txt,500,0.15,43212.4
/home/christoforos.eseroglou/Desktop/heuristics/instances/500/test/instance38_nreq500_nveh10_gamma432.txt,500,0.2,43590.9
/home/christoforos.eseroglou/Desktop/heuristics/instances/500/test/instance40_nreq500_nveh10_gamma441.txt,500,0.01,81419.6
/home/christoforos.eseroglou/Desktop/heuristics/instances/500/test/instance40_nreq500_nveh10_gamma441.txt,500,0.03,59609.9
/home/christoforos.eseroglou/Desktop/heuristics/instances/500/test/instance40_nreq500_nveh10_gamma441.txt,500,0.05,49737.2
/home/christoforos.eseroglou/Desktop/heuristics/instances/500/test/instance40_nreq500_nveh10_gamma441.txt,500,0.07,47131.9
/home/christoforos.eseroglou/Desktop/heuristics/instances/500/test/instance40_nreq500_nveh10_gamma441.txt,500,0.1,43971.7
/home/christoforos.eseroglou/Desktop/heuristics/instances/500/test/instance40_nreq500_nveh10_gamma441.txt,500,0.15,42370.2
/home/christoforos.eseroglou/Desktop/heuristics/instances/500/test/instance40_nreq500_nveh10_gamma441.txt,500,0.2,41018
/home/christoforos.eseroglou/Desktop/heuristics/instances/500/test/instance58_nreq500_nveh10_gamma452.txt,500,0.01,89475.9
/home/christoforos.eseroglou/Desktop/heuristics/instances/500/test/instance58_nreq500_nveh10_gamma452.txt,500,0.03,63068.6
/home/christoforos.eseroglou/Desktop/heuristics/instances/500/test/instance58_nreq500_nveh10_gamma452.txt,500,0.05,54145.7
/home/christoforos.eseroglou/Desktop/heuristics/instances/500/test/instance58_nreq500_nveh10_gamma452.txt,500,0.07,51086.5
/home/christoforos.eseroglou/Desktop/heuristics/instances/500/test/instance58_nreq500_nveh10_gamma452.txt,500,0.1,46747
/home/christoforos.eseroglou/Desktop/heuristics/instances/500/test/instance58_nreq500_nveh10_gamma452.txt,500,0.15,45822.4
/home/christoforos.eseroglou/Desktop/heuristics/instances/500/test/instance58_nreq500_nveh10_gamma452.txt,500,0.2,45703.5
/home/christoforos.eseroglou/Desktop/heuristics/instances/500/test/instance33_nreq500_nveh10_gamma459.txt,500,0.01,87922.6
/home/christoforos.eseroglou/Desktop/heuristics/instances/500/test/instance33_nreq500_nveh10_gamma459.txt,500,0.03,63030
/home/christoforos.eseroglou/Desktop/heuristics/instances/500/test/instance33_nreq500_nveh10_gamma459.txt,500,0.05,51931.7
/home/christoforos.eseroglou/Desktop/heuristics/instances/500/test/instance33_nreq500_nveh10_gamma459.txt,500,0.07,48701.8
/home/christoforos.eseroglou/Desktop/heuristics/instances/500/test/instance33_nreq500_nveh10_gamma459.txt,500,0.1,46791.9
/home/christoforos.eseroglou/Desktop/heuristics/instances/500/test/instance33_nreq500_nveh10_gamma459.txt,500,0.15,46240
/home/christoforos.eseroglou/Desktop/heuristics/instances/500/test/instance33_nreq500_nveh10_gamma459.txt,500,0.2,43427.8
/home/christoforos.eseroglou/Desktop/heuristics/instances/500/test/instance53_nreq500_nveh10_gamma442.txt,500,0.01,82512.7
/home/christoforos.eseroglou/Desktop/heuristics/instances/500/test/instance53_nreq500_nveh10_gamma442.txt,500,0.03,61096.6
/home/christoforos.eseroglou/Desktop/heuristics/instances/500/test/instance53_nreq500_nveh10_gamma442.txt,500,0.05,53204.6
/home/christoforos.eseroglou/Desktop/heuristics/instances/500/test/instance53_nreq500_nveh10_gamma442.txt,500,0.07,48600.7
/home/christoforos.eseroglou/Desktop/heuristics/instances/500/test/instance53_nreq500_nveh10_gamma442.txt,500,0.1,47106.4
/home/christoforos.eseroglou/Desktop/heuristics/instances/500/test/instance53_nreq500_nveh10_gamma442.txt,500,0.15,45498
/home/christoforos.eseroglou/Desktop/heuristics/instances/500/test/instance53_nreq500_nveh10_gamma442.txt,500,0.2,43779.9
/home/christoforos.eseroglou/Desktop/heuristics/instances/500/test/instance50_nreq500_nveh10_gamma456.txt,500,0.01,84901.9
/home/christoforos.eseroglou/Desktop/heuristics/instances/500/test/instance50_nreq500_nveh10_gamma456.txt,500,0.03,61587.8
/home/christoforos.eseroglou/Desktop/heuristics/instances/500/test/instance50_nreq500_nveh10_gamma456.txt,500,0.05,53447.2
/home/christoforos.eseroglou/Desktop/heuristics/instances/500/test/instance50_nreq500_nveh10_gamma456.txt,500,0.07,49307.6
/home/christoforos.eseroglou/Desktop/heuristics/instances/500/test/instance50_nreq500_nveh10_gamma456.txt,500,0.1,46241.8
/home/christoforos.eseroglou/Desktop/heuristics/instances/500/test/instance50_nreq500_nveh10_gamma456.txt,500,0.15,45190.5
/home/christoforos.eseroglou/Desktop/heuristics/instances/500/test/instance50_nreq500_nveh10_gamma456.txt,500,0.2,43803.3
/home/christoforos.eseroglou/Desktop/heuristics/instances/500/test/instance35_nreq500_nveh10_gamma472.txt,500,0.01,89229.3
/home/christoforos.eseroglou/Desktop/heuristics/instances/500/test/instance35_nreq500_nveh10_gamma472.txt,500,0.03,64726.7
/home/christoforos.eseroglou/Desktop/heuristics/instances/500/test/instance35_nreq500_nveh10_gamma472.txt,500,0.05,54712.4
/home/christoforos.eseroglou/Desktop/heuristics/instances/500/test/instance35_nreq500_nveh10_gamma472.txt,500,0.07,51143.8
/home/christoforos.eseroglou/Desktop/heuristics/instances/500/test/instance35_nreq500_nveh10_gamma472.txt,500,0.1,48188.4
/home/christoforos.eseroglou/Desktop/heuristics/instances/500/test/instance35_nreq500_nveh10_gamma472.txt,500,0.15,45759.2
/home/christoforos.eseroglou/Desktop/heuristics/instances/500/test/instance35_nreq500_nveh10_gamma472.txt,500,0.2,45348.2
/home/christoforos.eseroglou/Desktop/heuristics/instances/500/test/instance60_nreq500_nveh10_gamma448.txt,500,0.01,84790.9
/home/christoforos.eseroglou/Desktop/heuristics/instances/500/test/instance60_nreq500_nveh10_gamma448.txt,500,0.03,60855.4
/home/christoforos.eseroglou/Desktop/heuristics/instances/500/test/instance60_nreq500_nveh10_gamma448.txt,500,0.05,52430.8
/home/christoforos.eseroglou/Desktop/heuristics/instances/500/test/instance60_nreq500_nveh10_gamma448.txt,500,0.07,49201.6
/home/christoforos.eseroglou/Desktop/heuristics/instances/500/test/instance60_nreq500_nveh10_gamma448.txt,500,0.1,45118.3
/home/christoforos.eseroglou/Desktop/heuristics/instances/500/test/instance60_nreq500_nveh10_gamma448.txt,500,0.15,43580
/home/christoforos.eseroglou/Desktop/heuristics/instances/500/test/instance60_nreq500_nveh10_gamma448.txt,500,0.2,43068.7
/home/christoforos.eseroglou/Desktop/heuristics/instances/500/test/instance42_nreq500_nveh10_gamma453.txt,500,0.01,85123
/home/christoforos.eseroglou/Desktop/heuristics/instances/500/test/instance42_nreq500_nveh10_gamma453.txt,500,0.03,63523.6
/home/christoforos.eseroglou/Desktop/heuristics/instances/500/test/instance42_nreq500_nveh10_gamma453.txt,500,0.05,52883
/home/christoforos.eseroglou/Desktop/heuristics/instances/500/test/instance42_nreq500_nveh10_gamma453.txt,500,0.07,50232.4
/home/christoforos.eseroglou/Desktop/heuristics/instances/500/test/instance42_nreq500_nveh10_gamma453.txt,500,0.1,46084.2
/home/christoforos.eseroglou/Desktop/heuristics/instances/500/test/instance42_nreq500_nveh10_gamma453.txt,500,0.15,46306.4
/home/christoforos.eseroglou/Desktop/heuristics/instances/500/test/instance42_nreq500_nveh10_gamma453.txt,500,0.2,44656.6
/home/christoforos.eseroglou/Desktop/heuristics/instances/500/test/instance44_nreq500_nveh10_gamma470.txt,500,0.01,86898.2
/home/christoforos.eseroglou/Desktop/heuristics/instances/500/test/instance44_nreq500_nveh10_gamma470.txt,500,0.03,63554
/home/christoforos.eseroglou/Desktop/heuristics/instances/500/test/instance44_nreq500_nveh10_gamma470.txt,500,0.05,55714.3
/home/christoforos.eseroglou/Desktop/heuristics/instances/500/test/instance44_nreq500_nveh10_gamma470.txt,500,0.07,50958.8
/home/christoforos.eseroglou/Desktop/heuristics/instances/500/test/instance44_nreq500_nveh10_gamma470.txt,500,0.1,47531.9
/home/christoforos.eseroglou/Desktop/heuristics/instances/500/test/instance44_nreq500_nveh10_gamma470.txt,500,0.15,45798.1
/home/christoforos.eseroglou/Desktop/heuristics/instances/500/test/instance44_nreq500_nveh10_gamma470.txt,500,0.2,44155.6
/home/christoforos.eseroglou/Desktop/heuristics/instances/500/test/instance34_nreq500_nveh10_gamma458.txt,500,0.01,85561.7
/home/christoforos.eseroglou/Desktop/heuristics/instances/500/test/instance34_nreq500_nveh10_gamma458.txt,500,0.03,62667.6
/home/christoforos.eseroglou/Desktop/heuristics/instances/500/test/instance34_nreq500_nveh10_gamma458.txt,500,0.05,54718.8
/home/christoforos.eseroglou/Desktop/heuristics/instances/500/test/instance34_nreq500_nveh10_gamma458.txt,500,0.07,49762.4
/home/christoforos.eseroglou/Desktop/heuristics/instances/500/test/instance34_nreq500_nveh10_gamma458.txt,500,0.1,46586.5
/home/christoforos.eseroglou/Desktop/heuristics/instances/500/test/instance34_nreq500_nveh10_gamma458.txt,500,0.15,44739.4
/home/christoforos.eseroglou/Desktop/heuristics/instances/500/test/instance34_nreq500_nveh10_gamma458.txt,500,0.2,45383.7
/home/christoforos.eseroglou/Desktop/heuristics/instances/500/test/instance59_nreq500_nveh10_gamma448.txt,500,0.01,86079.3
/home/christoforos.eseroglou/Desktop/heuristics/instances/500/test/instance59_nreq500_nveh10_gamma448.txt,500,0.03,61116.4
/home/christoforos.eseroglou/Desktop/heuristics/instances/500/test/instance59_nreq500_nveh10_gamma448.txt,500,0.05,51866.5
/home/christoforos.eseroglou/Desktop/heuristics/instances/500/test/instance59_nreq500_nveh10_gamma448.txt,500,0.07,47655.2
/home/christoforos.eseroglou/Desktop/heuristics/instances/500/test/instance59_nreq500_nveh10_gamma448.txt,500,0.1,46012.1
/home/christoforos.eseroglou/Desktop/heuristics/instances/500/test/instance59_nreq500_nveh10_gamma448.txt,500,0.15,43245.2
/home/christoforos.eseroglou/Desktop/heuristics/instances/500/test/instance59_nreq500_nveh10_gamma448.txt,500,0.2,43345.9
/home/christoforos.eseroglou/Desktop/heuristics/instances/500/test/instance48_nreq500_nveh10_gamma433.txt,500,0.01,82057.7
/home/christoforos.eseroglou/Desktop/heuristics/instances/500/test/instance48_nreq500_nveh10_gamma433.txt,500,0.03,60443.2
/home/christoforos.eseroglou/Desktop/heuristics/instances/500/test/instance48_nreq500_nveh10_gamma433.txt,500,0.05,53470
/home/christoforos.eseroglou/Desktop/heuristics/instances/500/test/instance48_nreq500_nveh10_gamma433.txt,500,0.07,49958.9
/home/christoforos.eseroglou/Desktop/heuristics/instances/500/test/instance48_nreq500_nveh10_gamma433.txt,500,0.1,46406.3
/home/christoforos.eseroglou/Desktop/heuristics/instances/500/test/instance48_nreq500_nveh10_gamma433.txt,500,0.15,44262.3
/home/christoforos.eseroglou/Desktop/heuristics/instances/500/test/instance48_nreq500_nveh10_gamma433.txt,500,0.2,44707.5
/home/christoforos.eseroglou/Desktop/heuristics/instances/500/test/instance45_nreq500_nveh10_gamma480.txt,500,0.01,90605.5
/home/christoforos.eseroglou/Desktop/heuristics/instances/500/test/instance45_nreq500_nveh10_gamma480.txt,500,0.03,68477.7
/home/christoforos.eseroglou/Desktop/heuristics/instances/500/test/instance45_nreq500_nveh10_gamma480.txt,500,0.05,56956
/home/christoforos.eseroglou/Desktop/heuristics/instances/500/test/instance45_nreq500_nveh10_gamma480.txt,500,0.07,53127.2
/home/christoforos.eseroglou/Desktop/heuristics/instances/500/test/instance45_nreq500_nveh10_gamma480.txt,500,0.1,50610.2
/home/christoforos.eseroglou/Desktop/heuristics/instances/500/test/instance45_nreq500_nveh10_gamma480.txt,500,0.15,47845.4
/home/christoforos.eseroglou/Desktop/heuristics/instances/500/test/instance45_nreq500_nveh10_gamma480.txt,500,0.2,49341.8
/home/christoforos.eseroglou/Desktop/heuristics/instances/500/test/instance52_nreq500_nveh10_gamma461.txt,500,0.01,89401
/home/christoforos.eseroglou/Desktop/heuristics/instances/500/test/instance52_nreq500_nveh10_gamma461.txt,500,0.03,62252.5
/home/christoforos.eseroglou/Desktop/heuristics/instances/500/test/instance52_nreq500_nveh10_gamma461.txt,500,0.05,54287.8
/home/christoforos.eseroglou/Desktop/heuristics/instances/500/test/instance52_nreq500_nveh10_gamma461.txt,500,0.07,50659.8
/home/christoforos.eseroglou/Desktop/heuristics/instances/500/test/instance52_nreq500_nveh10_gamma461.txt,500,0.1,47717.6
/home/christoforos.eseroglou/Desktop/heuristics/instances/500/test/instance52_nreq500_nveh10_gamma461.txt,500,0.15,46247.9
/home/christoforos.eseroglou/Desktop/heuristics/instances/500/test/instance52_nreq500_nveh10_gamma461.txt,500,0.2,46512.7
/home/christoforos.eseroglou/Desktop/heuristics/instances/500/test/instance43_nreq500_nveh10_gamma457.txt,500,0.01,86593.3
/home/christoforos.eseroglou/Desktop/heuristics/instances/500/test/instance43_nreq500_nveh10_gamma457.txt,500,0.03,62224.9
/home/christoforos.eseroglou/Desktop/heuristics/instances/500/test/instance43_nreq500_nveh10_gamma457.txt,500,0.05,52154.2
/home/christoforos.eseroglou/Desktop/heuristics/instances/500/test/instance43_nreq500_nveh10_gamma457.txt,500,0.07,50330
/home/christoforos.eseroglou/Desktop/heuristics/instances/500/test/instance43_nreq500_nveh10_gamma457.txt,500,0.1,46314.4
/home/christoforos.eseroglou/Desktop/heuristics/instances/500/test/instance43_nreq500_nveh10_gamma457.txt,500,0.15,45481.6
/home/christoforos.eseroglou/Desktop/heuristics/instances/500/test/instance43_nreq500_nveh10_gamma457.txt,500,0.2,44953.5
/home/christoforos.eseroglou/Desktop/heuristics/instances/500/test/instance51_nreq500_nveh10_gamma474.txt,500,0.01,89520.3
/home/christoforos.eseroglou/Desktop/heuristics/instances/500/test/instance51_nreq500_nveh10_gamma474.txt,500,0.03,65406.2
/home/christoforos.eseroglou/Desktop/heuristics/instances/500/test/instance51_nreq500_nveh10_gamma474.txt,500,0.05,55102.8
/home/christoforos.eseroglou/Desktop/heuristics/instances/500/test/instance51_nreq500_nveh10_gamma474.txt,500,0.07,51016.9
/home/christoforos.eseroglou/Desktop/heuristics/instances/500/test/instance51_nreq500_nveh10_gamma474.txt,500,0.1,48175.1
/home/christoforos.eseroglou/Desktop/heuristics/instances/500/test/instance51_nreq500_nveh10_gamma474.txt,500,0.15,47141.7
/home/christoforos.eseroglou/Desktop/heuristics/instances/500/test/instance51_nreq500_nveh10_gamma474.txt,500,0.2,45034.7
/home/christoforos.eseroglou/Desktop/heuristics/instances/500/test/instance49_nreq500_nveh10_gamma446.txt,500,0.01,79316.3
/home/christoforos.eseroglou/Desktop/heuristics/instances/500/test/instance49_nreq500_nveh10_gamma446.txt,500,0.03,61666.9
/home/christoforos.eseroglou/Desktop/heuristics/instances/500/test/instance49_nreq500_nveh10_gamma446.txt,500,0.05,50716.9
/home/christoforos.eseroglou/Desktop/heuristics/instances/500/test/instance49_nreq500_nveh10_gamma446.txt,500,0.07,45395.3
/home/christoforos.eseroglou/Desktop/heuristics/instances/500/test/instance49_nreq500_nveh10_gamma446.txt,500,0.1,44546.6
/home/christoforos.eseroglou/Desktop/heuristics/instances/500/test/instance49_nreq500_nveh10_gamma446.txt,500,0.15,42408.3
/home/christoforos.eseroglou/Desktop/heuristics/instances/500/test/instance49_nreq500_nveh10_gamma446.txt,500,0.2,41600.3
/home/christoforos.eseroglou/Desktop/heuristics/instances/500/test/instance36_nreq500_nveh10_gamma472.txt,500,0.01,88517.9
/home/christoforos.eseroglou/Desktop/heuristics/instances/500/test/instance36_nreq500_nveh10_gamma472.txt,500,0.03,66555.5
/home/christoforos.eseroglou/Desktop/heuristics/instances/500/test/instance36_nreq500_nveh10_gamma472.txt,500,0.05,56300.4
/home/christoforos.eseroglou/Desktop/heuristics/instances/500/test/instance36_nreq500_nveh10_gamma472.txt,500,0.07,52913.7
/home/christoforos.eseroglou/Desktop/heuristics/instances/500/test/instance36_nreq500_nveh10_gamma472.txt,500,0.1,48998.7
/home/christoforos.eseroglou/Desktop/heuristics/instances/500/test/instance36_nreq500_nveh10_gamma472.txt,500,0.15,47797.7
/home/christoforos.eseroglou/Desktop/heuristics/instances/500/test/instance36_nreq500_nveh10_gamma472.txt,500,0.2,45992.9
/home/christoforos.eseroglou/Desktop/heuristics/instances/500/test/instance39_nreq500_nveh10_gamma440.txt,500,0.01,83022.9
/home/christoforos.eseroglou/Desktop/heuristics/instances/500/test/instance39_nreq500_nveh10_gamma440.txt,500,0.03,59503.1
/home/christoforos.eseroglou/Desktop/heuristics/instances/500/test/instance39_nreq500_nveh10_gamma440.txt,500,0.05,50040.7
/home/christoforos.eseroglou/Desktop/heuristics/instances/500/test/instance39_nreq500_nveh10_gamma440.txt,500,0.07,46817.1
/home/christoforos.eseroglou/Desktop/heuristics/instances/500/test/instance39_nreq500_nveh10_gamma440.txt,500,0.1,44707
/home/christoforos.eseroglou/Desktop/heuristics/instances/500/test/instance39_nreq500_nveh10_gamma440.txt,500,0.15,43031.9
/home/christoforos.eseroglou/Desktop/heuristics/instances/500/test/instance39_nreq500_nveh10_gamma440.txt,500,0.2,40539.2
/home/christoforos.eseroglou/Desktop/heuristics/instances/500/test/instance55_nreq500_nveh10_gamma439.txt,500,0.01,80499.7
/home/christoforos.eseroglou/Desktop/heuristics/instances/500/test/instance55_nreq500_nveh10_gamma439.txt,500,0.03,61589.5
/home/christoforos.eseroglou/Desktop/heuristics/instances/500/test/instance55_nreq500_nveh10_gamma439.txt,500,0.05,53017.7
/home/christoforos.eseroglou/Desktop/heuristics/instances/500/test/instance55_nreq500_nveh10_gamma439.txt,500,0.07,49234.3
/home/christoforos.eseroglou/Desktop/heuristics/instances/500/test/instance55_nreq500_nveh10_gamma439.txt,500,0.1,47515.2
/home/christoforos.eseroglou/Desktop/heuristics/instances/500/test/instance55_nreq500_nveh10_gamma439.txt,500,0.15,46484.3
/home/christoforos.eseroglou/Desktop/heuristics/instances/500/test/instance55_nreq500_nveh10_gamma439.txt,500,0.2,44687.9
/home/christoforos.eseroglou/Desktop/heuristics/instances/500/test/instance41_nreq500_nveh10_gamma470.txt,500,0.01,88710.7
/home/christoforos.eseroglou/Desktop/heuristics/instances/500/test/instance41_nreq500_nveh10_gamma470.txt,500,0.03,62228.1
/home/christoforos.eseroglou/Desktop/heuristics/instances/500/test/instance41_nreq500_nveh10_gamma470.txt,500,0.05,55050.6
/home/christoforos.eseroglou/Desktop/heuristics/instances/500/test/instance41_nreq500_nveh10_gamma470.txt,500,0.07,50152.6
/home/christoforos.eseroglou/Desktop/heuristics/instances/500/test/instance41_nreq500_nveh10_gamma470.txt,500,0.1,48205.3
/home/christoforos.eseroglou/Desktop/heuristics/instances/500/test/instance41_nreq500_nveh10_gamma470.txt,500,0.15,45110.3
/home/christoforos.eseroglou/Desktop/heuristics/instances/500/test/instance41_nreq500_nveh10_gamma470.txt,500,0.2,45181.4
/home/christoforos.eseroglou/Desktop/heuristics/instances/500/test/instance46_nreq500_nveh10_gamma436.txt,500,0.01,80928.8
/home/christoforos.eseroglou/Desktop/heuristics/instances/500/test/instance46_nreq500_nveh10_gamma436.txt,500,0.03,59427.4
/home/christoforos.eseroglou/Desktop/heuristics/instances/500/test/instance46_nreq500_nveh10_gamma436.txt,500,0.05,51600
/home/christoforos.eseroglou/Desktop/heuristics/instances/500/test/instance46_nreq500_nveh10_gamma436.txt,500,0.07,47523.7
/home/christoforos.eseroglou/Desktop/heuristics/instances/500/test/instance46_nreq500_nveh10_gamma436.txt,500,0.1,43570.9
/home/christoforos.eseroglou/Desktop/heuristics/instances/500/test/instance46_nreq500_nveh10_gamma436.txt,500,0.15,41659
/home/christoforos.eseroglou/Desktop/heuristics/instances/500/test/instance46_nreq500_nveh10_gamma436.txt,500,0.2,42368.7
/home/christoforos.eseroglou/Desktop/heuristics/instances/1000/test/instance35_nreq1000_nveh20_gamma888.txt,1000,0.01,217588
/home/christoforos.eseroglou/Desktop/heuristics/instances/1000/test/instance35_nreq1000_nveh20_gamma888.txt,1000,0.03,153369
/home/christoforos.eseroglou/Desktop/heuristics/instances/1000/test/instance35_nreq1000_nveh20_gamma888.txt,1000,0.05,136180
/home/christoforos.eseroglou/Desktop/heuristics/instances/1000/test/instance35_nreq1000_nveh20_gamma888.txt,1000,0.07,124786
/home/christoforos.eseroglou/Desktop/heuristics/instances/1000/test/instance35_nreq1000_nveh20_gamma888.txt,1000,0.1,121154
/home/christoforos.eseroglou/Desktop/heuristics/instances/1000/test/instance35_nreq1000_nveh20_gamma888.txt,1000,0.15,118375
/home/christoforos.eseroglou/Desktop/heuristics/instances/1000/test/instance35_nreq1000_nveh20_gamma888.txt,1000,0.2,117447
/home/christoforos.eseroglou/Desktop/heuristics/instances/1000/test/instance56_nreq1000_nveh20_gamma867.txt,1000,0.01,210568
/home/christoforos.eseroglou/Desktop/heuristics/instances/1000/test/instance56_nreq1000_nveh20_gamma867.txt,1000,0.03,150807
/home/christoforos.eseroglou/Desktop/heuristics/instances/1000/test/instance56_nreq1000_nveh20_gamma867.txt,1000,0.05,131822
/home/christoforos.eseroglou/Desktop/heuristics/instances/1000/test/instance56_nreq1000_nveh20_gamma867.txt,1000,0.07,122378
/home/christoforos.eseroglou/Desktop/heuristics/instances/1000/test/instance56_nreq1000_nveh20_gamma867.txt,1000,0.1,121164
/home/christoforos.eseroglou/Desktop/heuristics/instances/1000/test/instance56_nreq1000_nveh20_gamma867.txt,1000,0.15,119648
/home/christoforos.eseroglou/Desktop/heuristics/instances/1000/test/instance56_nreq1000_nveh20_gamma867.txt,1000,0.2,116038
/home/christoforos.eseroglou/Desktop/heuristics/instances/1000/test/instance57_nreq1000_nveh20_gamma933.txt,1000,0.01,231833
/home/christoforos.eseroglou/Desktop/heuristics/instances/1000/test/instance57_nreq1000_nveh20_gamma933.txt,1000,0.03,160836
/home/christoforos.eseroglou/Desktop/heuristics/instances/1000/test/instance57_nreq1000_nveh20_gamma933.txt,1000,0.05,142327
/home/christoforos.eseroglou/Desktop/heuristics/instances/1000/test/instance57_nreq1000_nveh20_gamma933.txt,1000,0.07,133650
/home/christoforos.eseroglou/Desktop/heuristics/instances/1000/test/instance57_nreq1000_nveh20_gamma933.txt,1000,0.1,131267
/home/christoforos.eseroglou/Desktop/heuristics/instances/1000/test/instance57_nreq1000_nveh20_gamma933.txt,1000,0.15,125761
/home/christoforos.eseroglou/Desktop/heuristics/instances/1000/test/instance57_nreq1000_nveh20_gamma933.txt,1000,0.2,125804
/home/christoforos.eseroglou/Desktop/heuristics/instances/1000/test/instance32_nreq1000_nveh20_gamma949.txt,1000,0.01,236625
/home/christoforos.eseroglou/Desktop/heuristics/instances/1000/test/instance32_nreq1000_nveh20_gamma949.txt,1000,0.03,165648
/home/christoforos.eseroglou/Desktop/heuristics/instances/1000/test/instance32_nreq1000_nveh20_gamma949.txt,1000,0.05,146774
/home/christoforos.eseroglou/Desktop/heuristics/instances/1000/test/instance32_nreq1000_nveh20_gamma949.txt,1000,0.07,138859
/home/christoforos.eseroglou/Desktop/heuristics/instances/1000/test/instance32_nreq1000_nveh20_gamma949.txt,1000,0.1,131861
/home/christoforos.eseroglou/Desktop/heuristics/instances/1000/test/instance32_nreq1000_nveh20_gamma949.txt,1000,0.15,132614
/home/christoforos.eseroglou/Desktop/heuristics/instances/1000/test/instance32_nreq1000_nveh20_gamma949.txt,1000,0.2,130122
/home/christoforos.eseroglou/Desktop/heuristics/instances/1000/test/instance37_nreq1000_nveh20_gamma887.txt,1000,0.01,217577
/home/christoforos.eseroglou/Desktop/heuristics/instances/1000/test/instance37_nreq1000_nveh20_gamma887.txt,1000,0.03,152426
/home/christoforos.eseroglou/Desktop/heuristics/instances/1000/test/instance37_nreq1000_nveh20_gamma887.txt,1000,0.05,134514
/home/christoforos.eseroglou/Desktop/heuristics/instances/1000/test/instance37_nreq1000_nveh20_gamma887.txt,1000,0.07,128636
/home/christoforos.eseroglou/Desktop/heuristics/instances/1000/test/instance37_nreq1000_nveh20_gamma887.txt,1000,0.1,124792
/home/christoforos.eseroglou/Desktop/heuristics/instances/1000/test/instance37_nreq1000_nveh20_gamma887.txt,1000,0.15,119167
/home/christoforos.eseroglou/Desktop/heuristics/instances/1000/test/instance37_nreq1000_nveh20_gamma887.txt,1000,0.2,118292
/home/christoforos.eseroglou/Desktop/heuristics/instances/1000/test/instance54_nreq1000_nveh20_gamma911.txt,1000,0.01,225062
/home/christoforos.eseroglou/Desktop/heuristics/instances/1000/test/instance54_nreq1000_nveh20_gamma911.txt,1000,0.03,157199
/home/christoforos.eseroglou/Desktop/heuristics/instances/1000/test/instance54_nreq1000_nveh20_gamma911.txt,1000,0.05,138374
/home/christoforos.eseroglou/Desktop/heuristics/instances/1000/test/instance54_nreq1000_nveh20_gamma911.txt,1000,0.07,128377
/home/christoforos.eseroglou/Desktop/heuristics/instances/1000/test/instance54_nreq1000_nveh20_gamma911.txt,1000,0.1,126275
/home/christoforos.eseroglou/Desktop/heuristics/instances/1000/test/instance54_nreq1000_nveh20_gamma911.txt,1000,0.15,121444
/home/christoforos.eseroglou/Desktop/heuristics/instances/1000/test/instance54_nreq1000_nveh20_gamma911.txt,1000,0.2,122477
/home/christoforos.eseroglou/Desktop/heuristics/instances/1000/test/instance44_nreq1000_nveh20_gamma854.txt,1000,0.01,202989
/home/christoforos.eseroglou/Desktop/heuristics/instances/1000/test/instance44_nreq1000_nveh20_gamma854.txt,1000,0.03,146609
/home/christoforos.eseroglou/Desktop/heuristics/instances/1000/test/instance44_nreq1000_nveh20_gamma854.txt,1000,0.05,134624
/home/christoforos.eseroglou/Desktop/heuristics/instances/1000/test/instance44_nreq1000_nveh20_gamma854.txt,1000,0.07,125398
/home/christoforos.eseroglou/Desktop/heuristics/instances/1000/test/instance44_nreq1000_nveh20_gamma854.txt,1000,0.1,118398
/home/christoforos.eseroglou/Desktop/heuristics/instances/1000/test/instance44_nreq1000_nveh20_gamma854.txt,1000,0.15,115861
/home/christoforos.eseroglou/Desktop/heuristics/instances/1000/test/instance44_nreq1000_nveh20_gamma854.txt,1000,0.2,117030
/home/christoforos.eseroglou/Desktop/heuristics/instances/1000/test/instance42_nreq1000_nveh20_gamma908.txt,1000,0.01,223231
/home/christoforos.eseroglou/Desktop/heuristics/instances/1000/test/instance42_nreq1000_nveh20_gamma908.txt,1000,0.03,158495
/home/christoforos.eseroglou/Desktop/heuristics/instances/1000/test/instance42_nreq1000_nveh20_gamma908.txt,1000,0.05,141999
/home/christoforos.eseroglou/Desktop/heuristics/instances/1000/test/instance42_nreq1000_nveh20_gamma908.txt,1000,0.07,131256
/home/christoforos.eseroglou/Desktop/heuristics/instances/1000/test/instance42_nreq1000_nveh20_gamma908.txt,1000,0.1,128620
/home/christoforos.eseroglou/Desktop/heuristics/instances/1000/test/instance42_nreq1000_nveh20_gamma908.txt,1000,0.15,127377
/home/christoforos.eseroglou/Desktop/heuristics/instances/1000/test/instance42_nreq1000_nveh20_gamma908.txt,1000,0.2,124371
/home/christoforos.eseroglou/Desktop/heuristics/instances/1000/test/instance47_nreq1000_nveh20_gamma912.txt,1000,0.01,227676
/home/christoforos.eseroglou/Desktop/heuristics/instances/1000/test/instance47_nreq1000_nveh20_gamma912.txt,1000,0.03,162573
/home/christoforos.eseroglou/Desktop/heuristics/instances/1000/test/instance47_nreq1000_nveh20_gamma912.txt,1000,0.05,140636
/home/christoforos.eseroglou/Desktop/heuristics/instances/1000/test/instance47_nreq1000_nveh20_gamma912.txt,1000,0.07,134790
/home/christoforos.eseroglou/Desktop/heuristics/instances/1000/test/instance47_nreq1000_nveh20_gamma912.txt,1000,0.1,130285
/home/christoforos.eseroglou/Desktop/heuristics/instances/1000/test/instance47_nreq1000_nveh20_gamma912.txt,1000,0.15,123793
/home/christoforos.eseroglou/Desktop/heuristics/instances/1000/test/instance47_nreq1000_nveh20_gamma912.txt,1000,0.2,125956
/home/christoforos.eseroglou/Desktop/heuristics/instances/1000/test/instance43_nreq1000_nveh20_gamma858.txt,1000,0.01,212959
/home/christoforos.eseroglou/Desktop/heuristics/instances/1000/test/instance43_nreq1000_nveh20_gamma858.txt,1000,0.03,148615
/home/christoforos.eseroglou/Desktop/heuristics/instances/1000/test/instance43_nreq1000_nveh20_gamma858.txt,1000,0.05,131185
/home/christoforos.eseroglou/Desktop/heuristics/instances/1000/test/instance43_nreq1000_nveh20_gamma858.txt,1000,0.07,125700
/home/christoforos.eseroglou/Desktop/heuristics/instances/1000/test/instance43_nreq1000_nveh20_gamma858.txt,1000,0.1,120145
/home/christoforos.eseroglou/Desktop/heuristics/instances/1000/test/instance43_nreq1000_nveh20_gamma858.txt,1000,0.15,116071
/home/christoforos.eseroglou/Desktop/heuristics/instances/1000/test/instance43_nreq1000_nveh20_gamma858.txt,1000,0.2,114256
/home/christoforos.eseroglou/Desktop/heuristics/instances/1000/test/instance55_nreq1000_nveh20_gamma899.txt,1000,0.01,218403
/home/christoforos.eseroglou/Desktop/heuristics/instances/1000/test/instance55_nreq1000_nveh20_gamma899.txt,1000,0.03,156266
/home/christoforos.eseroglou/Desktop/heuristics/instances/1000/test/instance55_nreq1000_nveh20_gamma899.txt,1000,0.05,136392
/home/christoforos.eseroglou/Desktop/heuristics/instances/1000/test/instance55_nreq1000_nveh20_gamma899.txt,1000,0.07,128827
/home/christoforos.eseroglou/Desktop/heuristics/instances/1000/test/instance55_nreq1000_nveh20_gamma899.txt,1000,0.1,126585
/home/christoforos.eseroglou/Desktop/heuristics/instances/1000/test/instance55_nreq1000_nveh20_gamma899.txt,1000,0.15,123907
/home/christoforos.eseroglou/Desktop/heuristics/instances/1000/test/instance55_nreq1000_nveh20_gamma899.txt,1000,0.2,122956
/home/christoforos.eseroglou/Desktop/heuristics/instances/1000/test/instance31_nreq1000_nveh20_gamma890.txt,1000,0.01,220775
/home/christoforos.eseroglou/Desktop/heuristics/instances/1000/test/instance31_nreq1000_nveh20_gamma890.txt,1000,0.03,153813
/home/christoforos.eseroglou/Desktop/heuristics/instances/1000/test/instance31_nreq1000_nveh20_gamma890.txt,1000,0.05,136534
/home/christoforos.eseroglou/Desktop/heuristics/instances/1000/test/instance31_nreq1000_nveh20_gamma890.txt,1000,0.07,127702
/home/christoforos.eseroglou/Desktop/heuristics/instances/1000/test/instance31_nreq1000_nveh20_gamma890.txt,1000,0.1,120760
/home/christoforos.eseroglou/Desktop/heuristics/instances/1000/test/instance31_nreq1000_nveh20_gamma890.txt,1000,0.15,120051
/home/christoforos.eseroglou/Desktop/heuristics/instances/1000/test/instance31_nreq1000_nveh20_gamma890.txt,1000,0.2,119985
/home/christoforos.eseroglou/Desktop/heuristics/instances/1000/test/instance53_nreq1000_nveh20_gamma870.txt,1000,0.01,208480
/home/christoforos.eseroglou/Desktop/heuristics/instances/1000/test/instance53_nreq1000_nveh20_gamma870.txt,1000,0.03,147846
/home/christoforos.eseroglou/Desktop/heuristics/instances/1000/test/instance53_nreq1000_nveh20_gamma870.txt,1000,0.05,129308
/home/christoforos.eseroglou/Desktop/heuristics/instances/1000/test/instance53_nreq1000_nveh20_gamma870.txt,1000,0.07,123452
/home/christoforos.eseroglou/Desktop/heuristics/instances/1000/test/instance53_nreq1000_nveh20_gamma870.txt,1000,0.1,120504
/home/christoforos.eseroglou/Desktop/heuristics/instances/1000/test/instance53_nreq1000_nveh20_gamma870.txt,1000,0.15,115804
/home/christoforos.eseroglou/Desktop/heuristics/instances/1000/test/instance53_nreq1000_nveh20_gamma870.txt,1000,0.2,113477
/home/christoforos.eseroglou/Desktop/heuristics/instances/1000/test/instance34_nreq1000_nveh20_gamma910.txt,1000,0.01,227240
/home/christoforos.eseroglou/Desktop/heuristics/instances/1000/test/instance34_nreq1000_nveh20_gamma910.txt,1000,0.03,156965
/home/christoforos.eseroglou/Desktop/heuristics/instances/1000/test/instance34_nreq1000_nveh20_gamma910.txt,1000,0.05,142102
/home/christoforos.eseroglou/Desktop/heuristics/instances/1000/test/instance34_nreq1000_nveh20_gamma910.txt,1000,0.07,132190
/home/christoforos.eseroglou/Desktop/heuristics/instances/1000/test/instance34_nreq1000_nveh20_gamma910.txt,1000,0.1,129876
/home/christoforos.eseroglou/Desktop/heuristics/instances/1000/test/instance34_nreq1000_nveh20_gamma910.txt,1000,0.15,126717
/home/christoforos.eseroglou/Desktop/heuristics/instances/1000/test/instance34_nreq1000_nveh20_gamma910.txt,1000,0.2,126839
/home/christoforos.eseroglou/Desktop/heuristics/instances/1000/test/instance58_nreq1000_nveh20_gamma923.txt,1000,0.01,226945
/home/christoforos.eseroglou/Desktop/heuristics/instances/1000/test/instance58_nreq1000_nveh20_gamma923.txt,1000,0.03,163925
/home/christoforos.eseroglou/Desktop/heuristics/instances/1000/test/instance58_nreq1000_nveh20_gamma923.txt,1000,0.05,143729
/home/christoforos.eseroglou/Desktop/heuristics/instances/1000/test/instance58_nreq1000_nveh20_gamma923.txt,1000,0.07,139781
/home/christoforos.eseroglou/Desktop/heuristics/instances/1000/test/instance58_nreq1000_nveh20_gamma923.txt,1000,0.1,132196
/home/christoforos.eseroglou/Desktop/heuristics/instances/1000/test/instance58_nreq1000_nveh20_gamma923.txt,1000,0.15,131855
/home/christoforos.eseroglou/Desktop/heuristics/instances/1000/test/instance58_nreq1000_nveh20_gamma923.txt,1000,0.2,128314
/home/christoforos.eseroglou/Desktop/heuristics/instances/1000/test/instance60_nreq1000_nveh20_gamma851.txt,1000,0.01,211589
/home/christoforos.eseroglou/Desktop/heuristics/instances/1000/test/instance60_nreq1000_nveh20_gamma851.txt,1000,0.03,147655
/home/christoforos.eseroglou/Desktop/heuristics/instances/1000/test/instance60_nreq1000_nveh20_gamma851.txt,1000,0.05,131260
/home/christoforos.eseroglou/Desktop/heuristics/instances/1000/test/instance60_nreq1000_nveh20_gamma851.txt,1000,0.07,125221
/home/christoforos.eseroglou/Desktop/heuristics/instances/1000/test/instance60_nreq1000_nveh20_gamma851.txt,1000,0.1,116698
/home/christoforos.eseroglou/Desktop/heuristics/instances/1000/test/instance60_nreq1000_nveh20_gamma851.txt,1000,0.15,116029
/home/christoforos.eseroglou/Desktop/heuristics/instances/1000/test/instance60_nreq1000_nveh20_gamma851.txt,1000,0.2,114666
/home/christoforos.eseroglou/Desktop/heuristics/instances/1000/test/instance45_nreq1000_nveh20_gamma868.txt,1000,0.01,212513
/home/christoforos.eseroglou/Desktop/heuristics/instances/1000/test/instance45_nreq1000_nveh20_gamma868.txt,1000,0.03,151005
/home/christoforos.eseroglou/Desktop/heuristics/instances/1000/test/instance45_nreq1000_nveh20_gamma868.txt,1000,0.05,132199
/home/christoforos.eseroglou/Desktop/heuristics/instances/1000/test/instance45_nreq1000_nveh20_gamma868.txt,1000,0.07,126425
/home/christoforos.eseroglou/Desktop/heuristics/instances/1000/test/instance45_nreq1000_nveh20_gamma868.txt,1000,0.1,121627
/home/christoforos.eseroglou/Desktop/heuristics/instances/1000/test/instance45_nreq1000_nveh20_gamma868.txt,1000,0.15,120994
/home/christoforos.eseroglou/Desktop/heuristics/instances/1000/test/instance45_nreq1000_nveh20_gamma868.txt,1000,0.2,119795
/home/christoforos.eseroglou/Desktop/heuristics/instances/1000/test/instance36_nreq1000_nveh20_gamma909.txt,1000,0.01,224009
/home/christoforos.eseroglou/Desktop/heuristics/instances/1000/test/instance36_nreq1000_nveh20_gamma909.txt,1000,0.03,162730
/home/christoforos.eseroglou/Desktop/heuristics/instances/1000/test/instance36_nreq1000_nveh20_gamma909.txt,1000,0.05,139887
/home/christoforos.eseroglou/Desktop/heuristics/instances/1000/test/instance36_nreq1000_nveh20_gamma909.txt,1000,0.07,134218
/home/christoforos.eseroglou/Desktop/heuristics/instances/1000/test/instance36_nreq1000_nveh20_gamma909.txt,1000,0.1,129778
/home/christoforos.eseroglou/Desktop/heuristics/instances/1000/test/instance36_nreq1000_nveh20_gamma909.txt,1000,0.15,120865
/home/christoforos.eseroglou/Desktop/heuristics/instances/1000/test/instance36_nreq1000_nveh20_gamma909.txt,1000,0.2,122125
/home/christoforos.eseroglou/Desktop/heuristics/instances/1000/test/instance39_nreq1000_nveh20_gamma917.txt,1000,0.01,221751
/home/christoforos.eseroglou/Desktop/heuristics/instances/1000/test/instance39_nreq1000_nveh20_gamma917.txt,1000,0.03,159220
/home/christoforos.eseroglou/Desktop/heuristics/instances/1000/test/instance39_nreq1000_nveh20_gamma917.txt,1000,0.05,137959
/home/christoforos.eseroglou/Desktop/heuristics/instances/1000/test/instance39_nreq1000_nveh20_gamma917.txt,1000,0.07,129792
/home/christoforos.eseroglou/Desktop/heuristics/instances/1000/test/instance39_nreq1000_nveh20_gamma917.txt,1000,0.1,126707
/home/christoforos.eseroglou/Desktop/heuristics/instances/1000/test/instance39_nreq1000_nveh20_gamma917.txt,1000,0.15,121774
/home/christoforos.eseroglou/Desktop/heuristics/instances/1000/test/instance39_nreq1000_nveh20_gamma917.txt,1000,0.2,121012
/home/christoforos.eseroglou/Desktop/heuristics/instances/1000/test/instance59_nreq1000_nveh20_gamma902.txt,1000,0.01,223549
/home/christoforos.eseroglou/Desktop/heuristics/instances/1000/test/instance59_nreq1000_nveh20_gamma902.txt,1000,0.03,157204
/home/christoforos.eseroglou/Desktop/heuristics/instances/1000/test/instance59_nreq1000_nveh20_gamma902.txt,1000,0.05,139816
/home/christoforos.eseroglou/Desktop/heuristics/instances/1000/test/instance59_nreq1000_nveh20_gamma902.txt,1000,0.07,131479
/home/christoforos.eseroglou/Desktop/heuristics/instances/1000/test/instance59_nreq1000_nveh20_gamma902.txt,1000,0.1,125672
/home/christoforos.eseroglou/Desktop/heuristics/instances/1000/test/instance59_nreq1000_nveh20_gamma902.txt,1000,0.15,124659
/home/christoforos.eseroglou/Desktop/heuristics/instances/1000/test/instance59_nreq1000_nveh20_gamma902.txt,1000,0.2,118679
/home/christoforos.eseroglou/Desktop/heuristics/instances/1000/test/instance50_nreq1000_nveh20_gamma918.txt,1000,0.01,228984
/home/christoforos.eseroglou/Desktop/heuristics/instances/1000/test/instance50_nreq1000_nveh20_gamma918.txt,1000,0.03,160600
/home/christoforos.eseroglou/Desktop/heuristics/instances/1000/test/instance50_nreq1000_nveh20_gamma918.txt,1000,0.05,138437
/home/christoforos.eseroglou/Desktop/heuristics/instances/1000/test/instance50_nreq1000_nveh20_gamma918.txt,1000,0.07,135600
/home/christoforos.eseroglou/Desktop/heuristics/instances/1000/test/instance50_nreq1000_nveh20_gamma918.txt,1000,0.1,131051
/home/christoforos.eseroglou/Desktop/heuristics/instances/1000/test/instance50_nreq1000_nveh20_gamma918.txt,1000,0.15,124788
/home/christoforos.eseroglou/Desktop/heuristics/instances/1000/test/instance50_nreq1000_nveh20_gamma918.txt,1000,0.2,127370
/home/christoforos.eseroglou/Desktop/heuristics/instances/1000/test/instance48_nreq1000_nveh20_gamma891.txt,1000,0.01,218359
/home/christoforos.eseroglou/Desktop/heuristics/instances/1000/test/instance48_nreq1000_nveh20_gamma891.txt,1000,0.03,152272
/home/christoforos.eseroglou/Desktop/heuristics/instances/1000/test/instance48_nreq1000_nveh20_gamma891.txt,1000,0.05,135801
/home/christoforos.eseroglou/Desktop/heuristics/instances/1000/test/instance48_nreq1000_nveh20_gamma891.txt,1000,0.07,129886
/home/christoforos.eseroglou/Desktop/heuristics/instances/1000/test/instance48_nreq1000_nveh20_gamma891.txt,1000,0.1,124447
/home/christoforos.eseroglou/Desktop/heuristics/instances/1000/test/instance48_nreq1000_nveh20_gamma891.txt,1000,0.15,122042
/home/christoforos.eseroglou/Desktop/heuristics/instances/1000/test/instance48_nreq1000_nveh20_gamma891.txt,1000,0.2,120658
/home/christoforos.eseroglou/Desktop/heuristics/instances/1000/test/instance51_nreq1000_nveh20_gamma929.txt,1000,0.01,226121
/home/christoforos.eseroglou/Desktop/heuristics/instances/1000/test/instance51_nreq1000_nveh20_gamma929.txt,1000,0.03,161795
/home/christoforos.eseroglou/Desktop/heuristics/instances/1000/test/instance51_nreq1000_nveh20_gamma929.txt,1000,0.05,143341
/home/christoforos.eseroglou/Desktop/heuristics/instances/1000/test/instance51_nreq1000_nveh20_gamma929.txt,1000,0.07,134962
/home/christoforos.eseroglou/Desktop/heuristics/instances/1000/test/instance51_nreq1000_nveh20_gamma929.txt,1000,0.1,131031
/home/christoforos.eseroglou/Desktop/heuristics/instances/1000/test/instance51_nreq1000_nveh20_gamma929.txt,1000,0.15,128499
/home/christoforos.eseroglou/Desktop/heuristics/instances/1000/test/instance51_nreq1000_nveh20_gamma929.txt,1000,0.2,122467
/home/christoforos.eseroglou/Desktop/heuristics/instances/1000/test/instance49_nreq1000_nveh20_gamma847.txt,1000,0.01,206560
/home/christoforos.eseroglou/Desktop/heuristics/instances/1000/test/instance49_nreq1000_nveh20_gamma847.txt,1000,0.03,144974
/home/christoforos.eseroglou/Desktop/heuristics/instances/1000/test/instance49_nreq1000_nveh20_gamma847.txt,1000,0.05,128411
/home/christoforos.eseroglou/Desktop/heuristics/instances/1000/test/instance49_nreq1000_nveh20_gamma847.txt,1000,0.07,119716
/home/christoforos.eseroglou/Desktop/heuristics/instances/1000/test/instance49_nreq1000_nveh20_gamma847.txt,1000,0.1,114940
/home/christoforos.eseroglou/Desktop/heuristics/instances/1000/test/instance49_nreq1000_nveh20_gamma847.txt,1000,0.15,113021
/home/christoforos.eseroglou/Desktop/heuristics/instances/1000/test/instance49_nreq1000_nveh20_gamma847.txt,1000,0.2,113714
/home/christoforos.eseroglou/Desktop/heuristics/instances/1000/test/instance38_nreq1000_nveh20_gamma879.txt,1000,0.01,217056
/home/christoforos.eseroglou/Desktop/heuristics/instances/1000/test/instance38_nreq1000_nveh20_gamma879.txt,1000,0.03,150337
/home/christoforos.eseroglou/Desktop/heuristics/instances/1000/test/instance38_nreq1000_nveh20_gamma879.txt,1000,0.05,134667
/home/christoforos.eseroglou/Desktop/heuristics/instances/1000/test/instance38_nreq1000_nveh20_gamma879.txt,1000,0.07,124209
/home/christoforos.eseroglou/Desktop/heuristics/instances/1000/test/instance38_nreq1000_nveh20_gamma879.txt,1000,0.1,119973
/home/christoforos.eseroglou/Desktop/heuristics/instances/1000/test/instance38_nreq1000_nveh20_gamma879.txt,1000,0.15,116584
/home/christoforos.eseroglou/Desktop/heuristics/instances/1000/test/instance38_nreq1000_nveh20_gamma879.txt,1000,0.2,114009
/home/christoforos.eseroglou/Desktop/heuristics/instances/1000/test/instance33_nreq1000_nveh20_gamma941.txt,1000,0.01,230673
/home/christoforos.eseroglou/Desktop/heuristics/instances/1000/test/instance33_nreq1000_nveh20_gamma941.txt,1000,0.03,161536
/home/christoforos.eseroglou/Desktop/heuristics/instances/1000/test/instance33_nreq1000_nveh20_gamma941.txt,1000,0.05,140789
/home/christoforos.eseroglou/Desktop/heuristics/instances/1000/test/instance33_nreq1000_nveh20_gamma941.txt,1000,0.07,135511
/home/christoforos.eseroglou/Desktop/heuristics/instances/1000/test/instance33_nreq1000_nveh20_gamma941.txt,1000,0.1,130502
/home/christoforos.eseroglou/Desktop/heuristics/instances/1000/test/instance33_nreq1000_nveh20_gamma941.txt,1000,0.15,126652
/home/christoforos.eseroglou/Desktop/heuristics/instances/1000/test/instance33_nreq1000_nveh20_gamma941.txt,1000,0.2,127452
/home/christoforos.eseroglou/Desktop/heuristics/instances/1000/test/instance41_nreq1000_nveh20_gamma861.txt,1000,0.01,209376
/home/christoforos.eseroglou/Desktop/heuristics/instances/1000/test/instance41_nreq1000_nveh20_gamma861.txt,1000,0.03,145607
/home/christoforos.eseroglou/Desktop/heuristics/instances/1000/test/instance41_nreq1000_nveh20_gamma861.txt,1000,0.05,126027
/home/christoforos.eseroglou/Desktop/heuristics/instances/1000/test/instance41_nreq1000_nveh20_gamma861.txt,1000,0.07,119047
/home/christoforos.eseroglou/Desktop/heuristics/instances/1000/test/instance41_nreq1000_nveh20_gamma861.txt,1000,0.1,117335
/home/christoforos.eseroglou/Desktop/heuristics/instances/1000/test/instance41_nreq1000_nveh20_gamma861.txt,1000,0.15,111290
/home/christoforos.eseroglou/Desktop/heuristics/instances/1000/test/instance41_nreq1000_nveh20_gamma861.txt,1000,0.2,112299
/home/christoforos.eseroglou/Desktop/heuristics/instances/1000/test/instance40_nreq1000_nveh20_gamma908.txt,1000,0.01,218926
/home/christoforos.eseroglou/Desktop/heuristics/instances/1000/test/instance40_nreq1000_nveh20_gamma908.txt,1000,0.03,157359
/home/christoforos.eseroglou/Desktop/heuristics/instances/1000/test/instance40_nreq1000_nveh20_gamma908.txt,1000,0.05,139350
/home/christoforos.eseroglou/Desktop/heuristics/instances/1000/test/instance40_nreq1000_nveh20_gamma908.txt,1000,0.07,132522
/home/christoforos.eseroglou/Desktop/heuristics/instances/1000/test/instance40_nreq1000_nveh20_gamma908.txt,1000,0.1,125918
/home/christoforos.eseroglou/Desktop/heuristics/instances/1000/test/instance40_nreq1000_nveh20_gamma908.txt,1000,0.15,124817
/home/christoforos.eseroglou/Desktop/heuristics/instances/1000/test/instance40_nreq1000_nveh20_gamma908.txt,1000,0.2,122619
/home/christoforos.eseroglou/Desktop/heuristics/instances/1000/test/instance52_nreq1000_nveh20_gamma873.txt,1000,0.01,213196
/home/christoforos.eseroglou/Desktop/heuristics/instances/1000/test/instance52_nreq1000_nveh20_gamma873.txt,1000,0.03,150912
/home/christoforos.eseroglou/Desktop/heuristics/instances/1000/test/instance52_nreq1000_nveh20_gamma873.txt,1000,0.05,130415
/home/christoforos.eseroglou/Desktop/heuristics/instances/1000/test/instance52_nreq1000_nveh20_gamma873.txt,1000,0.07,124858
/home/christoforos.eseroglou/Desktop/heuristics/instances/1000/test/instance52_nreq1000_nveh20_gamma873.txt,1000,0.1,120024
/home/christoforos.eseroglou/Desktop/heuristics/instances/1000/test/instance52_nreq1000_nveh20_gamma873.txt,1000,0.15,117609
/home/christoforos.eseroglou/Desktop/heuristics/instances/1000/test/instance52_nreq1000_nveh20_gamma873.txt,1000,0.2,118582
/home/christoforos.eseroglou/Desktop/heuristics/instances/1000/test/instance46_nreq1000_nveh20_gamma904.txt,1000,0.01,222575
/home/christoforos.eseroglou/Desktop/heuristics/instances/1000/test/instance46_nreq1000_nveh20_gamma904.txt,1000,0.03,157862
/home/christoforos.eseroglou/Desktop/heuristics/instances/1000/test/instance46_nreq1000_nveh20_gamma904.txt,1000,0.05,139811
/home/christoforos.eseroglou/Desktop/heuristics/instances/1000/test/instance46_nreq1000_nveh20_gamma904.txt,1000,0.07,129595
/home/christoforos.eseroglou/Desktop/heuristics/instances/1000/test/instance46_nreq1000_nveh20_gamma904.txt,1000,0.1,127656
/home/christoforos.eseroglou/Desktop/heuristics/instances/1000/test/instance46_nreq1000_nveh20_gamma904.txt,1000,0.15,122636
/home/christoforos.eseroglou/Desktop/heuristics/instances/1000/test/instance46_nreq1000_nveh20_gamma904.txt,1000,0.2,122809
/home/christoforos.eseroglou/Desktop/heuristics/instances/2000/test/instance59_nreq2000_nveh40_gamma1898.txt,2000,0.01,601167
/home/christoforos.eseroglou/Desktop/heuristics/instances/2000/test/instance59_nreq2000_nveh40_gamma1898.txt,2000,0.03,425763
/home/christoforos.eseroglou/Desktop/heuristics/instances/2000/test/instance59_nreq2000_nveh40_gamma1898.txt,2000,0.05,395651
/home/christoforos.eseroglou/Desktop/heuristics/instances/2000/test/instance59_nreq2000_nveh40_gamma1898.txt,2000,0.07,376029
/home/christoforos.eseroglou/Desktop/heuristics/instances/2000/test/instance59_nreq2000_nveh40_gamma1898.txt,2000,0.1,375919
/home/christoforos.eseroglou/Desktop/heuristics/instances/2000/test/instance59_nreq2000_nveh40_gamma1898.txt,2000,0.15,370339
/home/christoforos.eseroglou/Desktop/heuristics/instances/2000/test/instance59_nreq2000_nveh40_gamma1898.txt,2000,0.2,361787
/home/christoforos.eseroglou/Desktop/heuristics/instances/2000/test/instance57_nreq2000_nveh40_gamma1722.txt,2000,0.01,545959
/home/christoforos.eseroglou/Desktop/heuristics/instances/2000/test/instance57_nreq2000_nveh40_gamma1722.txt,2000,0.03,385457
/home/christoforos.eseroglou/Desktop/heuristics/instances/2000/test/instance57_nreq2000_nveh40_gamma1722.txt,2000,0.05,346883
/home/christoforos.eseroglou/Desktop/heuristics/instances/2000/test/instance57_nreq2000_nveh40_gamma1722.txt,2000,0.07,328479
/home/christoforos.eseroglou/Desktop/heuristics/instances/2000/test/instance57_nreq2000_nveh40_gamma1722.txt,2000,0.1,328401
/home/christoforos.eseroglou/Desktop/heuristics/instances/2000/test/instance57_nreq2000_nveh40_gamma1722.txt,2000,0.15,322101
/home/christoforos.eseroglou/Desktop/heuristics/instances/2000/test/instance57_nreq2000_nveh40_gamma1722.txt,2000,0.2,316666
/home/christoforos.eseroglou/Desktop/heuristics/instances/2000/test/instance36_nreq2000_nveh40_gamma1861.txt,2000,0.01,574171
/home/christoforos.eseroglou/Desktop/heuristics/instances/2000/test/instance36_nreq2000_nveh40_gamma1861.txt,2000,0.03,414236
/home/christoforos.eseroglou/Desktop/heuristics/instances/2000/test/instance36_nreq2000_nveh40_gamma1861.txt,2000,0.05,373296
/home/christoforos.eseroglou/Desktop/heuristics/instances/2000/test/instance36_nreq2000_nveh40_gamma1861.txt,2000,0.07,358949
/home/christoforos.eseroglou/Desktop/heuristics/instances/2000/test/instance36_nreq2000_nveh40_gamma1861.txt,2000,0.1,348393
/home/christoforos.eseroglou/Desktop/heuristics/instances/2000/test/instance36_nreq2000_nveh40_gamma1861.txt,2000,0.15,351328
/home/christoforos.eseroglou/Desktop/heuristics/instances/2000/test/instance36_nreq2000_nveh40_gamma1861.txt,2000,0.2,343792
/home/christoforos.eseroglou/Desktop/heuristics/instances/2000/test/instance39_nreq2000_nveh40_gamma1826.txt,2000,0.01,568392
/home/christoforos.eseroglou/Desktop/heuristics/instances/2000/test/instance39_nreq2000_nveh40_gamma1826.txt,2000,0.03,409884
/home/christoforos.eseroglou/Desktop/heuristics/instances/2000/test/instance39_nreq2000_nveh40_gamma1826.txt,2000,0.05,374142
/home/christoforos.eseroglou/Desktop/heuristics/instances/2000/test/instance39_nreq2000_nveh40_gamma1826.txt,2000,0.07,356009
/home/christoforos.eseroglou/Desktop/heuristics/instances/2000/test/instance39_nreq2000_nveh40_gamma1826.txt,2000,0.1,355460
/home/christoforos.eseroglou/Desktop/heuristics/instances/2000/test/instance39_nreq2000_nveh40_gamma1826.txt,2000,0.15,348879
/home/christoforos.eseroglou/Desktop/heuristics/instances/2000/test/instance39_nreq2000_nveh40_gamma1826.txt,2000,0.2,352050
/home/christoforos.eseroglou/Desktop/heuristics/instances/2000/test/instance53_nreq2000_nveh40_gamma1823.txt,2000,0.01,571156
/home/christoforos.eseroglou/Desktop/heuristics/instances/2000/test/instance53_nreq2000_nveh40_gamma1823.txt,2000,0.03,411516
/home/christoforos.eseroglou/Desktop/heuristics/instances/2000/test/instance53_nreq2000_nveh40_gamma1823.txt,2000,0.05,366297
/home/christoforos.eseroglou/Desktop/heuristics/instances/2000/test/instance53_nreq2000_nveh40_gamma1823.txt,2000,0.07,354303
/home/christoforos.eseroglou/Desktop/heuristics/instances/2000/test/instance53_nreq2000_nveh40_gamma1823.txt,2000,0.1,348610
/home/christoforos.eseroglou/Desktop/heuristics/instances/2000/test/instance53_nreq2000_nveh40_gamma1823.txt,2000,0.15,340387
/home/christoforos.eseroglou/Desktop/heuristics/instances/2000/test/instance53_nreq2000_nveh40_gamma1823.txt,2000,0.2,339190
/home/christoforos.eseroglou/Desktop/heuristics/instances/2000/test/instance34_nreq2000_nveh40_gamma1728.txt,2000,0.01,532382
/home/christoforos.eseroglou/Desktop/heuristics/instances/2000/test/instance34_nreq2000_nveh40_gamma1728.txt,2000,0.03,384356
/home/christoforos.eseroglou/Desktop/heuristics/instances/2000/test/instance34_nreq2000_nveh40_gamma1728.txt,2000,0.05,347900
/home/christoforos.eseroglou/Desktop/heuristics/instances/2000/test/instance34_nreq2000_nveh40_gamma1728.txt,2000,0.07,337470
/home/christoforos.eseroglou/Desktop/heuristics/instances/2000/test/instance34_nreq2000_nveh40_gamma1728.txt,2000,0.1,332586
/home/christoforos.eseroglou/Desktop/heuristics/instances/2000/test/instance34_nreq2000_nveh40_gamma1728.txt,2000,0.15,325214
/home/christoforos.eseroglou/Desktop/heuristics/instances/2000/test/instance34_nreq2000_nveh40_gamma1728.txt,2000,0.2,325971
/home/christoforos.eseroglou/Desktop/heuristics/instances/2000/test/instance37_nreq2000_nveh40_gamma1845.txt,2000,0.01,573931
/home/christoforos.eseroglou/Desktop/heuristics/instances/2000/test/instance37_nreq2000_nveh40_gamma1845.txt,2000,0.03,409597
/home/christoforos.eseroglou/Desktop/heuristics/instances/2000/test/instance37_nreq2000_nveh40_gamma1845.txt,2000,0.05,377389
/home/christoforos.eseroglou/Desktop/heuristics/instances/2000/test/instance37_nreq2000_nveh40_gamma1845.txt,2000,0.07,364863
/home/christoforos.eseroglou/Desktop/heuristics/instances/2000/test/instance37_nreq2000_nveh40_gamma1845.txt,2000,0.1,352927
/home/christoforos.eseroglou/Desktop/heuristics/instances/2000/test/instance37_nreq2000_nveh40_gamma1845.txt,2000,0.15,346959
/home/christoforos.eseroglou/Desktop/heuristics/instances/2000/test/instance37_nreq2000_nveh40_gamma1845.txt,2000,0.2,343759
/home/christoforos.eseroglou/Desktop/heuristics/instances/2000/test/instance33_nreq2000_nveh40_gamma1691.txt,2000,0.01,527232
/home/christoforos.eseroglou/Desktop/heuristics/instances/2000/test/instance33_nreq2000_nveh40_gamma1691.txt,2000,0.03,371813
/home/christoforos.eseroglou/Desktop/heuristics/instances/2000/test/instance33_nreq2000_nveh40_gamma1691.txt,2000,0.05,329672
/home/christoforos.eseroglou/Desktop/heuristics/instances/2000/test/instance33_nreq2000_nveh40_gamma1691.txt,2000,0.07,329616
/home/christoforos.eseroglou/Desktop/heuristics/instances/2000/test/instance33_nreq2000_nveh40_gamma1691.txt,2000,0.1,315759
/home/christoforos.eseroglou/Desktop/heuristics/instances/2000/test/instance33_nreq2000_nveh40_gamma1691.txt,2000,0.15,316422
/home/christoforos.eseroglou/Desktop/heuristics/instances/2000/test/instance33_nreq2000_nveh40_gamma1691.txt,2000,0.2,313885
/home/christoforos.eseroglou/Desktop/heuristics/instances/2000/test/instance54_nreq2000_nveh40_gamma1752.txt,2000,0.01,551908
/home/christoforos.eseroglou/Desktop/heuristics/instances/2000/test/instance54_nreq2000_nveh40_gamma1752.txt,2000,0.03,389137
/home/christoforos.eseroglou/Desktop/heuristics/instances/2000/test/instance54_nreq2000_nveh40_gamma1752.txt,2000,0.05,360137
/home/christoforos.eseroglou/Desktop/heuristics/instances/2000/test/instance54_nreq2000_nveh40_gamma1752.txt,2000,0.07,341804
/home/christoforos.eseroglou/Desktop/heuristics/instances/2000/test/instance54_nreq2000_nveh40_gamma1752.txt,2000,0.1,343218
/home/christoforos.eseroglou/Desktop/heuristics/instances/2000/test/instance54_nreq2000_nveh40_gamma1752.txt,2000,0.15,328779
/home/christoforos.eseroglou/Desktop/heuristics/instances/2000/test/instance54_nreq2000_nveh40_gamma1752.txt,2000,0.2,329076
/home/christoforos.eseroglou/Desktop/heuristics/instances/2000/test/instance49_nreq2000_nveh40_gamma1729.txt,2000,0.01,542799
/home/christoforos.eseroglou/Desktop/heuristics/instances/2000/test/instance49_nreq2000_nveh40_gamma1729.txt,2000,0.03,379431
/home/christoforos.eseroglou/Desktop/heuristics/instances/2000/test/instance49_nreq2000_nveh40_gamma1729.txt,2000,0.05,343280
/home/christoforos.eseroglou/Desktop/heuristics/instances/2000/test/instance49_nreq2000_nveh40_gamma1729.txt,2000,0.07,327337
/home/christoforos.eseroglou/Desktop/heuristics/instances/2000/test/instance49_nreq2000_nveh40_gamma1729.txt,2000,0.1,329834
/home/christoforos.eseroglou/Desktop/heuristics/instances/2000/test/instance49_nreq2000_nveh40_gamma1729.txt,2000,0.15,322781
/home/christoforos.eseroglou/Desktop/heuristics/instances/2000/test/instance49_nreq2000_nveh40_gamma1729.txt,2000,0.2,316924
/home/christoforos.eseroglou/Desktop/heuristics/instances/2000/test/instance44_nreq2000_nveh40_gamma1915.txt,2000,0.01,609827
/home/christoforos.eseroglou/Desktop/heuristics/instances/2000/test/instance44_nreq2000_nveh40_gamma1915.txt,2000,0.03,432596
/home/christoforos.eseroglou/Desktop/heuristics/instances/2000/test/instance44_nreq2000_nveh40_gamma1915.txt,2000,0.05,396945
/home/christoforos.eseroglou/Desktop/heuristics/instances/2000/test/instance44_nreq2000_nveh40_gamma1915.txt,2000,0.07,380294
/home/christoforos.eseroglou/Desktop/heuristics/instances/2000/test/instance44_nreq2000_nveh40_gamma1915.txt,2000,0.1,373340
/home/christoforos.eseroglou/Desktop/heuristics/instances/2000/test/instance44_nreq2000_nveh40_gamma1915.txt,2000,0.15,376123
/home/christoforos.eseroglou/Desktop/heuristics/instances/2000/test/instance44_nreq2000_nveh40_gamma1915.txt,2000,0.2,368005
/home/christoforos.eseroglou/Desktop/heuristics/instances/2000/test/instance46_nreq2000_nveh40_gamma1779.txt,2000,0.01,558907
/home/christoforos.eseroglou/Desktop/heuristics/instances/2000/test/instance46_nreq2000_nveh40_gamma1779.txt,2000,0.03,395367
/home/christoforos.eseroglou/Desktop/heuristics/instances/2000/test/instance46_nreq2000_nveh40_gamma1779.txt,2000,0.05,365355
/home/christoforos.eseroglou/Desktop/heuristics/instances/2000/test/instance46_nreq2000_nveh40_gamma1779.txt,2000,0.07,350435
/home/christoforos.eseroglou/Desktop/heuristics/instances/2000/test/instance46_nreq2000_nveh40_gamma1779.txt,2000,0.1,349385
/home/christoforos.eseroglou/Desktop/heuristics/instances/2000/test/instance46_nreq2000_nveh40_gamma1779.txt,2000,0.15,335654
/home/christoforos.eseroglou/Desktop/heuristics/instances/2000/test/instance46_nreq2000_nveh40_gamma1779.txt,2000,0.2,340121
/home/christoforos.eseroglou/Desktop/heuristics/instances/2000/test/instance47_nreq2000_nveh40_gamma1865.txt,2000,0.01,591739
/home/christoforos.eseroglou/Desktop/heuristics/instances/2000/test/instance47_nreq2000_nveh40_gamma1865.txt,2000,0.03,425915
/home/christoforos.eseroglou/Desktop/heuristics/instances/2000/test/instance47_nreq2000_nveh40_gamma1865.txt,2000,0.05,386106
/home/christoforos.eseroglou/Desktop/heuristics/instances/2000/test/instance47_nreq2000_nveh40_gamma1865.txt,2000,0.07,375259
/home/christoforos.eseroglou/Desktop/heuristics/instances/2000/test/instance47_nreq2000_nveh40_gamma1865.txt,2000,0.1,366027
/home/christoforos.eseroglou/Desktop/heuristics/instances/2000/test/instance47_nreq2000_nveh40_gamma1865.txt,2000,0.15,358660
/home/christoforos.eseroglou/Desktop/heuristics/instances/2000/test/instance47_nreq2000_nveh40_gamma1865.txt,2000,0.2,366122
/home/christoforos.eseroglou/Desktop/heuristics/instances/2000/test/instance51_nreq2000_nveh40_gamma1750.txt,2000,0.01,540515
/home/christoforos.eseroglou/Desktop/heuristics/instances/2000/test/instance51_nreq2000_nveh40_gamma1750.txt,2000,0.03,387348
/home/christoforos.eseroglou/Desktop/heuristics/instances/2000/test/instance51_nreq2000_nveh40_gamma1750.txt,2000,0.05,350827
/home/christoforos.eseroglou/Desktop/heuristics/instances/2000/test/instance51_nreq2000_nveh40_gamma1750.txt,2000,0.07,336359
/home/christoforos.eseroglou/Desktop/heuristics/instances/2000/test/instance51_nreq2000_nveh40_gamma1750.txt,2000,0.1,326335
/home/christoforos.eseroglou/Desktop/heuristics/instances/2000/test/instance51_nreq2000_nveh40_gamma1750.txt,2000,0.15,328883
/home/christoforos.eseroglou/Desktop/heuristics/instances/2000/test/instance51_nreq2000_nveh40_gamma1750.txt,2000,0.2,323055
/home/christoforos.eseroglou/Desktop/heuristics/instances/2000/test/instance40_nreq2000_nveh40_gamma1928.txt,2000,0.01,616522
/home/christoforos.eseroglou/Desktop/heuristics/instances/2000/test/instance40_nreq2000_nveh40_gamma1928.txt,2000,0.03,441293
/home/christoforos.eseroglou/Desktop/heuristics/instances/2000/test/instance40_nreq2000_nveh40_gamma1928.txt,2000,0.05,397559
/home/christoforos.eseroglou/Desktop/heuristics/instances/2000/test/instance40_nreq2000_nveh40_gamma1928.txt,2000,0.07,387941
/home/christoforos.eseroglou/Desktop/heuristics/instances/2000/test/instance40_nreq2000_nveh40_gamma1928.txt,2000,0.1,380990
/home/christoforos.eseroglou/Desktop/heuristics/instances/2000/test/instance40_nreq2000_nveh40_gamma1928.txt,2000,0.15,377491
/home/christoforos.eseroglou/Desktop/heuristics/instances/2000/test/instance40_nreq2000_nveh40_gamma1928.txt,2000,0.2,373685
/home/christoforos.eseroglou/Desktop/heuristics/instances/2000/test/instance52_nreq2000_nveh40_gamma1878.txt,2000,0.01,593229
/home/christoforos.eseroglou/Desktop/heuristics/instances/2000/test/instance52_nreq2000_nveh40_gamma1878.txt,2000,0.03,425161
/home/christoforos.eseroglou/Desktop/heuristics/instances/2000/test/instance52_nreq2000_nveh40_gamma1878.txt,2000,0.05,383279
/home/christoforos.eseroglou/Desktop/heuristics/instances/2000/test/instance52_nreq2000_nveh40_gamma1878.txt,2000,0.07,371294
/home/christoforos.eseroglou/Desktop/heuristics/instances/2000/test/instance52_nreq2000_nveh40_gamma1878.txt,2000,0.1,363376
/home/christoforos.eseroglou/Desktop/heuristics/instances/2000/test/instance52_nreq2000_nveh40_gamma1878.txt,2000,0.15,358355
/home/christoforos.eseroglou/Desktop/heuristics/instances/2000/test/instance52_nreq2000_nveh40_gamma1878.txt,2000,0.2,359784
/home/christoforos.eseroglou/Desktop/heuristics/instances/2000/test/instance45_nreq2000_nveh40_gamma1747.txt,2000,0.01,543758
/home/christoforos.eseroglou/Desktop/heuristics/instances/2000/test/instance45_nreq2000_nveh40_gamma1747.txt,2000,0.03,388277
/home/christoforos.eseroglou/Desktop/heuristics/instances/2000/test/instance45_nreq2000_nveh40_gamma1747.txt,2000,0.05,359442
/home/christoforos.eseroglou/Desktop/heuristics/instances/2000/test/instance45_nreq2000_nveh40_gamma1747.txt,2000,0.07,350602
/home/christoforos.eseroglou/Desktop/heuristics/instances/2000/test/instance45_nreq2000_nveh40_gamma1747.txt,2000,0.1,335209
/home/christoforos.eseroglou/Desktop/heuristics/instances/2000/test/instance45_nreq2000_nveh40_gamma1747.txt,2000,0.15,332246
/home/christoforos.eseroglou/Desktop/heuristics/instances/2000/test/instance45_nreq2000_nveh40_gamma1747.txt,2000,0.2,331207
/home/christoforos.eseroglou/Desktop/heuristics/instances/2000/test/instance50_nreq2000_nveh40_gamma1717.txt,2000,0.01,528883
/home/christoforos.eseroglou/Desktop/heuristics/instances/2000/test/instance50_nreq2000_nveh40_gamma1717.txt,2000,0.03,377909
/home/christoforos.eseroglou/Desktop/heuristics/instances/2000/test/instance50_nreq2000_nveh40_gamma1717.txt,2000,0.05,345975
/home/christoforos.eseroglou/Desktop/heuristics/instances/2000/test/instance50_nreq2000_nveh40_gamma1717.txt,2000,0.07,332592
/home/christoforos.eseroglou/Desktop/heuristics/instances/2000/test/instance50_nreq2000_nveh40_gamma1717.txt,2000,0.1,325759
/home/christoforos.eseroglou/Desktop/heuristics/instances/2000/test/instance50_nreq2000_nveh40_gamma1717.txt,2000,0.15,319781
/home/christoforos.eseroglou/Desktop/heuristics/instances/2000/test/instance50_nreq2000_nveh40_gamma1717.txt,2000,0.2,318549
/home/christoforos.eseroglou/Desktop/heuristics/instances/2000/test/instance41_nreq2000_nveh40_gamma1835.txt,2000,0.01,582753
/home/christoforos.eseroglou/Desktop/heuristics/instances/2000/test/instance41_nreq2000_nveh40_gamma1835.txt,2000,0.03,405570
/home/christoforos.eseroglou/Desktop/heuristics/instances/2000/test/instance41_nreq2000_nveh40_gamma1835.txt,2000,0.05,376091
/home/christoforos.eseroglou/Desktop/heuristics/instances/2000/test/instance41_nreq2000_nveh40_gamma1835.txt,2000,0.07,361834
/home/christoforos.eseroglou/Desktop/heuristics/instances/2000/test/instance41_nreq2000_nveh40_gamma1835.txt,2000,0.1,351458
/home/christoforos.eseroglou/Desktop/heuristics/instances/2000/test/instance41_nreq2000_nveh40_gamma1835.txt,2000,0.15,342947
/home/christoforos.eseroglou/Desktop/heuristics/instances/2000/test/instance41_nreq2000_nveh40_gamma1835.txt,2000,0.2,345382
/home/christoforos.eseroglou/Desktop/heuristics/instances/2000/test/instance42_nreq2000_nveh40_gamma1918.txt,2000,0.01,608743
/home/christoforos.eseroglou/Desktop/heuristics/instances/2000/test/instance42_nreq2000_nveh40_gamma1918.txt,2000,0.03,435824
/home/christoforos.eseroglou/Desktop/heuristics/instances/2000/test/instance42_nreq2000_nveh40_gamma1918.txt,2000,0.05,399620
/home/christoforos.eseroglou/Desktop/heuristics/instances/2000/test/instance42_nreq2000_nveh40_gamma1918.txt,2000,0.07,383088
/home/christoforos.eseroglou/Desktop/heuristics/instances/2000/test/instance42_nreq2000_nveh40_gamma1918.txt,2000,0.1,370739
/home/christoforos.eseroglou/Desktop/heuristics/instances/2000/test/instance42_nreq2000_nveh40_gamma1918.txt,2000,0.15,369123
/home/christoforos.eseroglou/Desktop/heuristics/instances/2000/test/instance42_nreq2000_nveh40_gamma1918.txt,2000,0.2,368915
/home/christoforos.eseroglou/Desktop/heuristics/instances/2000/test/instance60_nreq2000_nveh40_gamma1733.txt,2000,0.01,534482
/home/christoforos.eseroglou/Desktop/heuristics/instances/2000/test/instance60_nreq2000_nveh40_gamma1733.txt,2000,0.03,385035
/home/christoforos.eseroglou/Desktop/heuristics/instances/2000/test/instance60_nreq2000_nveh40_gamma1733.txt,2000,0.05,349495
/home/christoforos.eseroglou/Desktop/heuristics/instances/2000/test/instance60_nreq2000_nveh40_gamma1733.txt,2000,0.07,339757
/home/christoforos.eseroglou/Desktop/heuristics/instances/2000/test/instance60_nreq2000_nveh40_gamma1733.txt,2000,0.1,324220
/home/christoforos.eseroglou/Desktop/heuristics/instances/2000/test/instance60_nreq2000_nveh40_gamma1733.txt,2000,0.15,326516
/home/christoforos.eseroglou/Desktop/heuristics/instances/2000/test/instance60_nreq2000_nveh40_gamma1733.txt,2000,0.2,325748
/home/christoforos.eseroglou/Desktop/heuristics/instances/2000/test/instance38_nreq2000_nveh40_gamma1890.txt,2000,0.01,593234
/home/christoforos.eseroglou/Desktop/heuristics/instances/2000/test/instance38_nreq2000_nveh40_gamma1890.txt,2000,0.03,432518
/home/christoforos.eseroglou/Desktop/heuristics/instances/2000/test/instance38_nreq2000_nveh40_gamma1890.txt,2000,0.05,384733
/home/christoforos.eseroglou/Desktop/heuristics/instances/2000/test/instance38_nreq2000_nveh40_gamma1890.txt,2000,0.07,379619
/home/christoforos.eseroglou/Desktop/heuristics/instances/2000/test/instance38_nreq2000_nveh40_gamma1890.txt,2000,0.1,369592
/home/christoforos.eseroglou/Desktop/heuristics/instances/2000/test/instance38_nreq2000_nveh40_gamma1890.txt,2000,0.15,362659
/home/christoforos.eseroglou/Desktop/heuristics/instances/2000/test/instance38_nreq2000_nveh40_gamma1890.txt,2000,0.2,357643
/home/christoforos.eseroglou/Desktop/heuristics/instances/2000/test/instance55_nreq2000_nveh40_gamma1812.txt,2000,0.01,570525
/home/christoforos.eseroglou/Desktop/heuristics/instances/2000/test/instance55_nreq2000_nveh40_gamma1812.txt,2000,0.03,405020
/home/christoforos.eseroglou/Desktop/heuristics/instances/2000/test/instance55_nreq2000_nveh40_gamma1812.txt,2000,0.05,378275
/home/christoforos.eseroglou/Desktop/heuristics/instances/2000/test/instance55_nreq2000_nveh40_gamma1812.txt,2000,0.07,355967
/home/christoforos.eseroglou/Desktop/heuristics/instances/2000/test/instance55_nreq2000_nveh40_gamma1812.txt,2000,0.1,350901
/home/christoforos.eseroglou/Desktop/heuristics/instances/2000/test/instance55_nreq2000_nveh40_gamma1812.txt,2000,0.15,348677
/home/christoforos.eseroglou/Desktop/heuristics/instances/2000/test/instance55_nreq2000_nveh40_gamma1812.txt,2000,0.2,342123
/home/christoforos.eseroglou/Desktop/heuristics/instances/2000/test/instance48_nreq2000_nveh40_gamma1785.txt,2000,0.01,561929
/home/christoforos.eseroglou/Desktop/heuristics/instances/2000/test/instance48_nreq2000_nveh40_gamma1785.txt,2000,0.03,401668
/home/christoforos.eseroglou/Desktop/heuristics/instances/2000/test/instance48_nreq2000_nveh40_gamma1785.txt,2000,0.05,364061
/home/christoforos.eseroglou/Desktop/heuristics/instances/2000/test/instance48_nreq2000_nveh40_gamma1785.txt,2000,0.07,354939
/home/christoforos.eseroglou/Desktop/heuristics/instances/2000/test/instance48_nreq2000_nveh40_gamma1785.txt,2000,0.1,344495
/home/christoforos.eseroglou/Desktop/heuristics/instances/2000/test/instance48_nreq2000_nveh40_gamma1785.txt,2000,0.15,343595
/home/christoforos.eseroglou/Desktop/heuristics/instances/2000/test/instance48_nreq2000_nveh40_gamma1785.txt,2000,0.2,341374
/home/christoforos.eseroglou/Desktop/heuristics/instances/2000/test/instance35_nreq2000_nveh40_gamma1800.txt,2000,0.01,561524
/home/christoforos.eseroglou/Desktop/heuristics/instances/2000/test/instance35_nreq2000_nveh40_gamma1800.txt,2000,0.03,392701
/home/christoforos.eseroglou/Desktop/heuristics/instances/2000/test/instance35_nreq2000_nveh40_gamma1800.txt,2000,0.05,358868
/home/christoforos.eseroglou/Desktop/heuristics/instances/2000/test/instance35_nreq2000_nveh40_gamma1800.txt,2000,0.07,351444
/home/christoforos.eseroglou/Desktop/heuristics/instances/2000/test/instance35_nreq2000_nveh40_gamma1800.txt,2000,0.1,342635
/home/christoforos.eseroglou/Desktop/heuristics/instances/2000/test/instance35_nreq2000_nveh40_gamma1800.txt,2000,0.15,335487
/home/christoforos.eseroglou/Desktop/heuristics/instances/2000/test/instance35_nreq2000_nveh40_gamma1800.txt,2000,0.2,334528
/home/christoforos.eseroglou/Desktop/heuristics/instances/2000/test/instance31_nreq2000_nveh40_gamma1811.txt,2000,0.01,569576
/home/christoforos.eseroglou/Desktop/heuristics/instances/2000/test/instance31_nreq2000_nveh40_gamma1811.txt,2000,0.03,398465
/home/christoforos.eseroglou/Desktop/heuristics/instances/2000/test/instance31_nreq2000_nveh40_gamma1811.txt,2000,0.05,365035
/home/christoforos.eseroglou/Desktop/heuristics/instances/2000/test/instance31_nreq2000_nveh40_gamma1811.txt,2000,0.07,351006
/home/christoforos.eseroglou/Desktop/heuristics/instances/2000/test/instance31_nreq2000_nveh40_gamma1811.txt,2000,0.1,345290
/home/christoforos.eseroglou/Desktop/heuristics/instances/2000/test/instance31_nreq2000_nveh40_gamma1811.txt,2000,0.15,344531
/home/christoforos.eseroglou/Desktop/heuristics/instances/2000/test/instance31_nreq2000_nveh40_gamma1811.txt,2000,0.2,345984
/home/christoforos.eseroglou/Desktop/heuristics/instances/2000/test/instance58_nreq2000_nveh40_gamma1768.txt,2000,0.01,564350
/home/christoforos.eseroglou/Desktop/heuristics/instances/2000/test/instance58_nreq2000_nveh40_gamma1768.txt,2000,0.03,398188
/home/christoforos.eseroglou/Desktop/heuristics/instances/2000/test/instance58_nreq2000_nveh40_gamma1768.txt,2000,0.05,366576
/home/christoforos.eseroglou/Desktop/heuristics/instances/2000/test/instance58_nreq2000_nveh40_gamma1768.txt,2000,0.07,357412
/home/christoforos.eseroglou/Desktop/heuristics/instances/2000/test/instance58_nreq2000_nveh40_gamma1768.txt,2000,0.1,352368
/home/christoforos.eseroglou/Desktop/heuristics/instances/2000/test/instance58_nreq2000_nveh40_gamma1768.txt,2000,0.15,346267
/home/christoforos.eseroglou/Desktop/heuristics/instances/2000/test/instance58_nreq2000_nveh40_gamma1768.txt,2000,0.2,346923
/home/christoforos.eseroglou/Desktop/heuristics/instances/2000/test/instance43_nreq2000_nveh40_gamma1938.txt,2000,0.01,621461
/home/christoforos.eseroglou/Desktop/heuristics/instances/2000/test/instance43_nreq2000_nveh40_gamma1938.txt,2000,0.03,436918
/home/christoforos.eseroglou/Desktop/heuristics/instances/2000/test/instance43_nreq2000_nveh40_gamma1938.txt,2000,0.05,394752
/home/christoforos.eseroglou/Desktop/heuristics/instances/2000/test/instance43_nreq2000_nveh40_gamma1938.txt,2000,0.07,383662
/home/christoforos.eseroglou/Desktop/heuristics/instances/2000/test/instance43_nreq2000_nveh40_gamma1938.txt,2000,0.1,372478
/home/christoforos.eseroglou/Desktop/heuristics/instances/2000/test/instance43_nreq2000_nveh40_gamma1938.txt,2000,0.15,367185
/home/christoforos.eseroglou/Desktop/heuristics/instances/2000/test/instance43_nreq2000_nveh40_gamma1938.txt,2000,0.2,365268
/home/christoforos.eseroglou/Desktop/heuristics/instances/2000/test/instance32_nreq2000_nveh40_gamma1905.txt,2000,0.01,606630
/home/christoforos.eseroglou/Desktop/heuristics/instances/2000/test/instance32_nreq2000_nveh40_gamma1905.txt,2000,0.03,422215
/home/christoforos.eseroglou/Desktop/heuristics/instances/2000/test/instance32_nreq2000_nveh40_gamma1905.txt,2000,0.05,381596
/home/christoforos.eseroglou/Desktop/heuristics/instances/2000/test/instance32_nreq2000_nveh40_gamma1905.txt,2000,0.07,365170
/home/christoforos.eseroglou/Desktop/heuristics/instances/2000/test/instance32_nreq2000_nveh40_gamma1905.txt,2000,0.1,361306
/home/christoforos.eseroglou/Desktop/heuristics/instances/2000/test/instance32_nreq2000_nveh40_gamma1905.txt,2000,0.15,354016
/home/christoforos.eseroglou/Desktop/heuristics/instances/2000/test/instance32_nreq2000_nveh40_gamma1905.txt,2000,0.2,350515
/home/christoforos.eseroglou/Desktop/heuristics/instances/2000/test/instance56_nreq2000_nveh40_gamma1735.txt,2000,0.01,538594
/home/christoforos.eseroglou/Desktop/heuristics/instances/2000/test/instance56_nreq2000_nveh40_gamma1735.txt,2000,0.03,385184
/home/christoforos.eseroglou/Desktop/heuristics/instances/2000/test/instance56_nreq2000_nveh40_gamma1735.txt,2000,0.05,347843
/home/christoforos.eseroglou/Desktop/heuristics/instances/2000/test/instance56_nreq2000_nveh40_gamma1735.txt,2000,0.07,333110
/home/christoforos.eseroglou/Desktop/heuristics/instances/2000/test/instance56_nreq2000_nveh40_gamma1735.txt,2000,0.1,324117
/home/christoforos.eseroglou/Desktop/heuristics/instances/2000/test/instance56_nreq2000_nveh40_gamma1735.txt,2000,0.15,324820
/home/christoforos.eseroglou/Desktop/heuristics/instances/2000/test/instance56_nreq2000_nveh40_gamma1735.txt,2000,0.2,326272
