path,N,lamda,objective
/home/chris/Desktop/heuristics/instances/50/test/instance50_nreq50_nveh2_gamma43.txt,50,0.01,3007.52
/home/chris/Desktop/heuristics/instances/50/test/instance50_nreq50_nveh2_gamma43.txt,50,0.03,3117.53
/home/chris/Desktop/heuristics/instances/50/test/instance50_nreq50_nveh2_gamma43.txt,50,0.05,2506.29
/home/chris/Desktop/heuristics/instances/50/test/instance50_nreq50_nveh2_gamma43.txt,50,0.07,2308.19
/home/chris/Desktop/heuristics/instances/50/test/instance50_nreq50_nveh2_gamma43.txt,50,0.1,2217.17
/home/chris/Desktop/heuristics/instances/50/test/instance50_nreq50_nveh2_gamma43.txt,50,0.15,2069.03
/home/chris/Desktop/heuristics/instances/50/test/instance50_nreq50_nveh2_gamma43.txt,50,0.2,1789.84
/home/chris/Desktop/heuristics/instances/50/test/instance47_nreq50_nveh2_gamma42.txt,50,0.01,3371.26
/home/chris/Desktop/heuristics/instances/50/test/instance47_nreq50_nveh2_gamma42.txt,50,0.03,2906.99
/home/chris/Desktop/heuristics/instances/50/test/instance47_nreq50_nveh2_gamma42.txt,50,0.05,2910.73
/home/chris/Desktop/heuristics/instances/50/test/instance47_nreq50_nveh2_gamma42.txt,50,0.07,2747.64
/home/chris/Desktop/heuristics/instances/50/test/instance47_nreq50_nveh2_gamma42.txt,50,0.1,2475.38
/home/chris/Desktop/heuristics/instances/50/test/instance47_nreq50_nveh2_gamma42.txt,50,0.15,2128.12
/home/chris/Desktop/heuristics/instances/50/test/instance47_nreq50_nveh2_gamma42.txt,50,0.2,2255.12
/home/chris/Desktop/heuristics/instances/50/test/instance37_nreq50_nveh2_gamma45.txt,50,0.01,3786.69
/home/chris/Desktop/heuristics/instances/50/test/instance37_nreq50_nveh2_gamma45.txt,50,0.03,3384.5
/home/chris/Desktop/heuristics/instances/50/test/instance37_nreq50_nveh2_gamma45.txt,50,0.05,2849.2
/home/chris/Desktop/heuristics/instances/50/test/instance37_nreq50_nveh2_gamma45.txt,50,0.07,2787.11
/home/chris/Desktop/heuristics/instances/50/test/instance37_nreq50_nveh2_gamma45.txt,50,0.1,2340.79
/home/chris/Desktop/heuristics/instances/50/test/instance37_nreq50_nveh2_gamma45.txt,50,0.15,2079.49
/home/chris/Desktop/heuristics/instances/50/test/instance37_nreq50_nveh2_gamma45.txt,50,0.2,1794.06
/home/chris/Desktop/heuristics/instances/50/test/instance46_nreq50_nveh2_gamma47.txt,50,0.01,3327.79
/home/chris/Desktop/heuristics/instances/50/test/instance46_nreq50_nveh2_gamma47.txt,50,0.03,3208.83
/home/chris/Desktop/heuristics/instances/50/test/instance46_nreq50_nveh2_gamma47.txt,50,0.05,2688.61
/home/chris/Desktop/heuristics/instances/50/test/instance46_nreq50_nveh2_gamma47.txt,50,0.07,2641.26
/home/chris/Desktop/heuristics/instances/50/test/instance46_nreq50_nveh2_gamma47.txt,50,0.1,2335.41
/home/chris/Desktop/heuristics/instances/50/test/instance46_nreq50_nveh2_gamma47.txt,50,0.15,2218.32
/home/chris/Desktop/heuristics/instances/50/test/instance46_nreq50_nveh2_gamma47.txt,50,0.2,1924.07
/home/chris/Desktop/heuristics/instances/50/test/instance60_nreq50_nveh2_gamma45.txt,50,0.01,3760.95
/home/chris/Desktop/heuristics/instances/50/test/instance60_nreq50_nveh2_gamma45.txt,50,0.03,3524
/home/chris/Desktop/heuristics/instances/50/test/instance60_nreq50_nveh2_gamma45.txt,50,0.05,2886.79
/home/chris/Desktop/heuristics/instances/50/test/instance60_nreq50_nveh2_gamma45.txt,50,0.07,2441.54
/home/chris/Desktop/heuristics/instances/50/test/instance60_nreq50_nveh2_gamma45.txt,50,0.1,2472.56
/home/chris/Desktop/heuristics/instances/50/test/instance60_nreq50_nveh2_gamma45.txt,50,0.15,2052.22
/home/chris/Desktop/heuristics/instances/50/test/instance60_nreq50_nveh2_gamma45.txt,50,0.2,2013.18
/home/chris/Desktop/heuristics/instances/50/test/instance32_nreq50_nveh2_gamma45.txt,50,0.01,3104.33
/home/chris/Desktop/heuristics/instances/50/test/instance32_nreq50_nveh2_gamma45.txt,50,0.03,3030.29
/home/chris/Desktop/heuristics/instances/50/test/instance32_nreq50_nveh2_gamma45.txt,50,0.05,2982.27
/home/chris/Desktop/heuristics/instances/50/test/instance32_nreq50_nveh2_gamma45.txt,50,0.07,2457.96
/home/chris/Desktop/heuristics/instances/50/test/instance32_nreq50_nveh2_gamma45.txt,50,0.1,2309.85
/home/chris/Desktop/heuristics/instances/50/test/instance32_nreq50_nveh2_gamma45.txt,50,0.15,2021.57
/home/chris/Desktop/heuristics/instances/50/test/instance32_nreq50_nveh2_gamma45.txt,50,0.2,2114.67
/home/chris/Desktop/heuristics/instances/50/test/instance31_nreq50_nveh2_gamma50.txt,50,0.01,3599.23
/home/chris/Desktop/heuristics/instances/50/test/instance31_nreq50_nveh2_gamma50.txt,50,0.03,3340.18
/home/chris/Desktop/heuristics/instances/50/test/instance31_nreq50_nveh2_gamma50.txt,50,0.05,2732.99
/home/chris/Desktop/heuristics/instances/50/test/instance31_nreq50_nveh2_gamma50.txt,50,0.07,2818.02
/home/chris/Desktop/heuristics/instances/50/test/instance31_nreq50_nveh2_gamma50.txt,50,0.1,2367.83
/home/chris/Desktop/heuristics/instances/50/test/instance31_nreq50_nveh2_gamma50.txt,50,0.15,2227.76
/home/chris/Desktop/heuristics/instances/50/test/instance31_nreq50_nveh2_gamma50.txt,50,0.2,2054.65
/home/chris/Desktop/heuristics/instances/50/test/instance35_nreq50_nveh2_gamma45.txt,50,0.01,3647.28
/home/chris/Desktop/heuristics/instances/50/test/instance35_nreq50_nveh2_gamma45.txt,50,0.03,3005.09
/home/chris/Desktop/heuristics/instances/50/test/instance35_nreq50_nveh2_gamma45.txt,50,0.05,2804.01
/home/chris/Desktop/heuristics/instances/50/test/instance35_nreq50_nveh2_gamma45.txt,50,0.07,2501.87
/home/chris/Desktop/heuristics/instances/50/test/instance35_nreq50_nveh2_gamma45.txt,50,0.1,2225.71
/home/chris/Desktop/heuristics/instances/50/test/instance35_nreq50_nveh2_gamma45.txt,50,0.15,2065.59
/home/chris/Desktop/heuristics/instances/50/test/instance35_nreq50_nveh2_gamma45.txt,50,0.2,1921.47
/home/chris/Desktop/heuristics/instances/50/test/instance45_nreq50_nveh2_gamma42.txt,50,0.01,3522.54
/home/chris/Desktop/heuristics/instances/50/test/instance45_nreq50_nveh2_gamma42.txt,50,0.03,2926.4
/home/chris/Desktop/heuristics/instances/50/test/instance45_nreq50_nveh2_gamma42.txt,50,0.05,2784.35
/home/chris/Desktop/heuristics/instances/50/test/instance45_nreq50_nveh2_gamma42.txt,50,0.07,2770.2
/home/chris/Desktop/heuristics/instances/50/test/instance45_nreq50_nveh2_gamma42.txt,50,0.1,2373.2
/home/chris/Desktop/heuristics/instances/50/test/instance45_nreq50_nveh2_gamma42.txt,50,0.15,2171.1
/home/chris/Desktop/heuristics/instances/50/test/instance45_nreq50_nveh2_gamma42.txt,50,0.2,1897.7
/home/chris/Desktop/heuristics/instances/50/test/instance39_nreq50_nveh2_gamma43.txt,50,0.01,3563.29
/home/chris/Desktop/heuristics/instances/50/test/instance39_nreq50_nveh2_gamma43.txt,50,0.03,3171.05
/home/chris/Desktop/heuristics/instances/50/test/instance39_nreq50_nveh2_gamma43.txt,50,0.05,2810.77
/home/chris/Desktop/heuristics/instances/50/test/instance39_nreq50_nveh2_gamma43.txt,50,0.07,2647.62
/home/chris/Desktop/heuristics/instances/50/test/instance39_nreq50_nveh2_gamma43.txt,50,0.1,2297.21
/home/chris/Desktop/heuristics/instances/50/test/instance39_nreq50_nveh2_gamma43.txt,50,0.15,2110.93
/home/chris/Desktop/heuristics/instances/50/test/instance39_nreq50_nveh2_gamma43.txt,50,0.2,2024.78
/home/chris/Desktop/heuristics/instances/50/test/instance48_nreq50_nveh2_gamma42.txt,50,0.01,3434.18
/home/chris/Desktop/heuristics/instances/50/test/instance48_nreq50_nveh2_gamma42.txt,50,0.03,2787.06
/home/chris/Desktop/heuristics/instances/50/test/instance48_nreq50_nveh2_gamma42.txt,50,0.05,2738.04
/home/chris/Desktop/heuristics/instances/50/test/instance48_nreq50_nveh2_gamma42.txt,50,0.07,2534.99
/home/chris/Desktop/heuristics/instances/50/test/instance48_nreq50_nveh2_gamma42.txt,50,0.1,2471.97
/home/chris/Desktop/heuristics/instances/50/test/instance48_nreq50_nveh2_gamma42.txt,50,0.15,2044.81
/home/chris/Desktop/heuristics/instances/50/test/instance48_nreq50_nveh2_gamma42.txt,50,0.2,2279.9
/home/chris/Desktop/heuristics/instances/50/test/instance44_nreq50_nveh2_gamma41.txt,50,0.01,3590.87
/home/chris/Desktop/heuristics/instances/50/test/instance44_nreq50_nveh2_gamma41.txt,50,0.03,3348.76
/home/chris/Desktop/heuristics/instances/50/test/instance44_nreq50_nveh2_gamma41.txt,50,0.05,2847.47
/home/chris/Desktop/heuristics/instances/50/test/instance44_nreq50_nveh2_gamma41.txt,50,0.07,2597.28
/home/chris/Desktop/heuristics/instances/50/test/instance44_nreq50_nveh2_gamma41.txt,50,0.1,2366.07
/home/chris/Desktop/heuristics/instances/50/test/instance44_nreq50_nveh2_gamma41.txt,50,0.15,2094.77
/home/chris/Desktop/heuristics/instances/50/test/instance44_nreq50_nveh2_gamma41.txt,50,0.2,1954.57
/home/chris/Desktop/heuristics/instances/50/test/instance56_nreq50_nveh2_gamma43.txt,50,0.01,3780.93
/home/chris/Desktop/heuristics/instances/50/test/instance56_nreq50_nveh2_gamma43.txt,50,0.03,3233.85
/home/chris/Desktop/heuristics/instances/50/test/instance56_nreq50_nveh2_gamma43.txt,50,0.05,2847.79
/home/chris/Desktop/heuristics/instances/50/test/instance56_nreq50_nveh2_gamma43.txt,50,0.07,2576.3
/home/chris/Desktop/heuristics/instances/50/test/instance56_nreq50_nveh2_gamma43.txt,50,0.1,2331.57
/home/chris/Desktop/heuristics/instances/50/test/instance56_nreq50_nveh2_gamma43.txt,50,0.15,2410.63
/home/chris/Desktop/heuristics/instances/50/test/instance56_nreq50_nveh2_gamma43.txt,50,0.2,2153.05
/home/chris/Desktop/heuristics/instances/50/test/instance49_nreq50_nveh2_gamma44.txt,50,0.01,3486.58
/home/chris/Desktop/heuristics/instances/50/test/instance49_nreq50_nveh2_gamma44.txt,50,0.03,2936.86
/home/chris/Desktop/heuristics/instances/50/test/instance49_nreq50_nveh2_gamma44.txt,50,0.05,2714.31
/home/chris/Desktop/heuristics/instances/50/test/instance49_nreq50_nveh2_gamma44.txt,50,0.07,2325.07
/home/chris/Desktop/heuristics/instances/50/test/instance49_nreq50_nveh2_gamma44.txt,50,0.1,2317.09
/home/chris/Desktop/heuristics/instances/50/test/instance49_nreq50_nveh2_gamma44.txt,50,0.15,1992.84
/home/chris/Desktop/heuristics/instances/50/test/instance49_nreq50_nveh2_gamma44.txt,50,0.2,1912.77
/home/chris/Desktop/heuristics/instances/50/test/instance54_nreq50_nveh2_gamma49.txt,50,0.01,3805.56
/home/chris/Desktop/heuristics/instances/50/test/instance54_nreq50_nveh2_gamma49.txt,50,0.03,3108.29
/home/chris/Desktop/heuristics/instances/50/test/instance54_nreq50_nveh2_gamma49.txt,50,0.05,2321.78
/home/chris/Desktop/heuristics/instances/50/test/instance54_nreq50_nveh2_gamma49.txt,50,0.07,2432.87
/home/chris/Desktop/heuristics/instances/50/test/instance54_nreq50_nveh2_gamma49.txt,50,0.1,2276.74
/home/chris/Desktop/heuristics/instances/50/test/instance54_nreq50_nveh2_gamma49.txt,50,0.15,1977.42
/home/chris/Desktop/heuristics/instances/50/test/instance54_nreq50_nveh2_gamma49.txt,50,0.2,1891.31
/home/chris/Desktop/heuristics/instances/50/test/instance58_nreq50_nveh2_gamma45.txt,50,0.01,2980.99
/home/chris/Desktop/heuristics/instances/50/test/instance58_nreq50_nveh2_gamma45.txt,50,0.03,3110.34
/home/chris/Desktop/heuristics/instances/50/test/instance58_nreq50_nveh2_gamma45.txt,50,0.05,2790.04
/home/chris/Desktop/heuristics/instances/50/test/instance58_nreq50_nveh2_gamma45.txt,50,0.07,2388.01
/home/chris/Desktop/heuristics/instances/50/test/instance58_nreq50_nveh2_gamma45.txt,50,0.1,2303.85
/home/chris/Desktop/heuristics/instances/50/test/instance58_nreq50_nveh2_gamma45.txt,50,0.15,2086.9
/home/chris/Desktop/heuristics/instances/50/test/instance58_nreq50_nveh2_gamma45.txt,50,0.2,2081.86
/home/chris/Desktop/heuristics/instances/50/test/instance38_nreq50_nveh2_gamma43.txt,50,0.01,3444.85
/home/chris/Desktop/heuristics/instances/50/test/instance38_nreq50_nveh2_gamma43.txt,50,0.03,3083.68
/home/chris/Desktop/heuristics/instances/50/test/instance38_nreq50_nveh2_gamma43.txt,50,0.05,2663.42
/home/chris/Desktop/heuristics/instances/50/test/instance38_nreq50_nveh2_gamma43.txt,50,0.07,2687.43
/home/chris/Desktop/heuristics/instances/50/test/instance38_nreq50_nveh2_gamma43.txt,50,0.1,2185.99
/home/chris/Desktop/heuristics/instances/50/test/instance38_nreq50_nveh2_gamma43.txt,50,0.15,1995.77
/home/chris/Desktop/heuristics/instances/50/test/instance38_nreq50_nveh2_gamma43.txt,50,0.2,2052.84
/home/chris/Desktop/heuristics/instances/50/test/instance33_nreq50_nveh2_gamma45.txt,50,0.01,3406.76
/home/chris/Desktop/heuristics/instances/50/test/instance33_nreq50_nveh2_gamma45.txt,50,0.03,2956.76
/home/chris/Desktop/heuristics/instances/50/test/instance33_nreq50_nveh2_gamma45.txt,50,0.05,2798.34
/home/chris/Desktop/heuristics/instances/50/test/instance33_nreq50_nveh2_gamma45.txt,50,0.07,2421.97
/home/chris/Desktop/heuristics/instances/50/test/instance33_nreq50_nveh2_gamma45.txt,50,0.1,2097.54
/home/chris/Desktop/heuristics/instances/50/test/instance33_nreq50_nveh2_gamma45.txt,50,0.15,2116.57
/home/chris/Desktop/heuristics/instances/50/test/instance33_nreq50_nveh2_gamma45.txt,50,0.2,1914.23
/home/chris/Desktop/heuristics/instances/50/test/instance55_nreq50_nveh2_gamma40.txt,50,0.01,3731.15
/home/chris/Desktop/heuristics/instances/50/test/instance55_nreq50_nveh2_gamma40.txt,50,0.03,3349.12
/home/chris/Desktop/heuristics/instances/50/test/instance55_nreq50_nveh2_gamma40.txt,50,0.05,2935.27
/home/chris/Desktop/heuristics/instances/50/test/instance55_nreq50_nveh2_gamma40.txt,50,0.07,2663.72
/home/chris/Desktop/heuristics/instances/50/test/instance55_nreq50_nveh2_gamma40.txt,50,0.1,2381.03
/home/chris/Desktop/heuristics/instances/50/test/instance55_nreq50_nveh2_gamma40.txt,50,0.15,2297.81
/home/chris/Desktop/heuristics/instances/50/test/instance55_nreq50_nveh2_gamma40.txt,50,0.2,1997.93
/home/chris/Desktop/heuristics/instances/50/test/instance52_nreq50_nveh2_gamma44.txt,50,0.01,3374.39
/home/chris/Desktop/heuristics/instances/50/test/instance52_nreq50_nveh2_gamma44.txt,50,0.03,3190.36
/home/chris/Desktop/heuristics/instances/50/test/instance52_nreq50_nveh2_gamma44.txt,50,0.05,2542.2
/home/chris/Desktop/heuristics/instances/50/test/instance52_nreq50_nveh2_gamma44.txt,50,0.07,2332.13
/home/chris/Desktop/heuristics/instances/50/test/instance52_nreq50_nveh2_gamma44.txt,50,0.1,2249.1
/home/chris/Desktop/heuristics/instances/50/test/instance52_nreq50_nveh2_gamma44.txt,50,0.15,1905.93
/home/chris/Desktop/heuristics/instances/50/test/instance52_nreq50_nveh2_gamma44.txt,50,0.2,1858.9
/home/chris/Desktop/heuristics/instances/50/test/instance36_nreq50_nveh2_gamma46.txt,50,0.01,3645.26
/home/chris/Desktop/heuristics/instances/50/test/instance36_nreq50_nveh2_gamma46.txt,50,0.03,3353.3
/home/chris/Desktop/heuristics/instances/50/test/instance36_nreq50_nveh2_gamma46.txt,50,0.05,2789.77
/home/chris/Desktop/heuristics/instances/50/test/instance36_nreq50_nveh2_gamma46.txt,50,0.07,2501.35
/home/chris/Desktop/heuristics/instances/50/test/instance36_nreq50_nveh2_gamma46.txt,50,0.1,2425.26
/home/chris/Desktop/heuristics/instances/50/test/instance36_nreq50_nveh2_gamma46.txt,50,0.15,2175.91
/home/chris/Desktop/heuristics/instances/50/test/instance36_nreq50_nveh2_gamma46.txt,50,0.2,2170.9
/home/chris/Desktop/heuristics/instances/50/test/instance57_nreq50_nveh2_gamma46.txt,50,0.01,3717.78
/home/chris/Desktop/heuristics/instances/50/test/instance57_nreq50_nveh2_gamma46.txt,50,0.03,3246.56
/home/chris/Desktop/heuristics/instances/50/test/instance57_nreq50_nveh2_gamma46.txt,50,0.05,3093.48
/home/chris/Desktop/heuristics/instances/50/test/instance57_nreq50_nveh2_gamma46.txt,50,0.07,2874.34
/home/chris/Desktop/heuristics/instances/50/test/instance57_nreq50_nveh2_gamma46.txt,50,0.1,2540.07
/home/chris/Desktop/heuristics/instances/50/test/instance57_nreq50_nveh2_gamma46.txt,50,0.15,2288.82
/home/chris/Desktop/heuristics/instances/50/test/instance57_nreq50_nveh2_gamma46.txt,50,0.2,2118.62
/home/chris/Desktop/heuristics/instances/50/test/instance59_nreq50_nveh2_gamma45.txt,50,0.01,3490.39
/home/chris/Desktop/heuristics/instances/50/test/instance59_nreq50_nveh2_gamma45.txt,50,0.03,3113.3
/home/chris/Desktop/heuristics/instances/50/test/instance59_nreq50_nveh2_gamma45.txt,50,0.05,2596.13
/home/chris/Desktop/heuristics/instances/50/test/instance59_nreq50_nveh2_gamma45.txt,50,0.07,2424.26
/home/chris/Desktop/heuristics/instances/50/test/instance59_nreq50_nveh2_gamma45.txt,50,0.1,2108.13
/home/chris/Desktop/heuristics/instances/50/test/instance59_nreq50_nveh2_gamma45.txt,50,0.15,1974.06
/home/chris/Desktop/heuristics/instances/50/test/instance59_nreq50_nveh2_gamma45.txt,50,0.2,1941.04
/home/chris/Desktop/heuristics/instances/50/test/instance43_nreq50_nveh2_gamma47.txt,50,0.01,3333.44
/home/chris/Desktop/heuristics/instances/50/test/instance43_nreq50_nveh2_gamma47.txt,50,0.03,2849.25
/home/chris/Desktop/heuristics/instances/50/test/instance43_nreq50_nveh2_gamma47.txt,50,0.05,2461.04
/home/chris/Desktop/heuristics/instances/50/test/instance43_nreq50_nveh2_gamma47.txt,50,0.07,2419.01
/home/chris/Desktop/heuristics/instances/50/test/instance43_nreq50_nveh2_gamma47.txt,50,0.1,2282.92
/home/chris/Desktop/heuristics/instances/50/test/instance43_nreq50_nveh2_gamma47.txt,50,0.15,1898.57
/home/chris/Desktop/heuristics/instances/50/test/instance43_nreq50_nveh2_gamma47.txt,50,0.2,1837.5
/home/chris/Desktop/heuristics/instances/50/test/instance41_nreq50_nveh2_gamma45.txt,50,0.01,3247.39
/home/chris/Desktop/heuristics/instances/50/test/instance41_nreq50_nveh2_gamma45.txt,50,0.03,2899.34
/home/chris/Desktop/heuristics/instances/50/test/instance41_nreq50_nveh2_gamma45.txt,50,0.05,2515.27
/home/chris/Desktop/heuristics/instances/50/test/instance41_nreq50_nveh2_gamma45.txt,50,0.07,2488.26
/home/chris/Desktop/heuristics/instances/50/test/instance41_nreq50_nveh2_gamma45.txt,50,0.1,2363.23
/home/chris/Desktop/heuristics/instances/50/test/instance41_nreq50_nveh2_gamma45.txt,50,0.15,2186.18
/home/chris/Desktop/heuristics/instances/50/test/instance41_nreq50_nveh2_gamma45.txt,50,0.2,1901.09
/home/chris/Desktop/heuristics/instances/50/test/instance40_nreq50_nveh2_gamma46.txt,50,0.01,3604.16
/home/chris/Desktop/heuristics/instances/50/test/instance40_nreq50_nveh2_gamma46.txt,50,0.03,2920.71
/home/chris/Desktop/heuristics/instances/50/test/instance40_nreq50_nveh2_gamma46.txt,50,0.05,2928.41
/home/chris/Desktop/heuristics/instances/50/test/instance40_nreq50_nveh2_gamma46.txt,50,0.07,2405.58
/home/chris/Desktop/heuristics/instances/50/test/instance40_nreq50_nveh2_gamma46.txt,50,0.1,2426.6
/home/chris/Desktop/heuristics/instances/50/test/instance40_nreq50_nveh2_gamma46.txt,50,0.15,2024.08
/home/chris/Desktop/heuristics/instances/50/test/instance40_nreq50_nveh2_gamma46.txt,50,0.2,1914.39
/home/chris/Desktop/heuristics/instances/50/test/instance51_nreq50_nveh2_gamma45.txt,50,0.01,3330.76
/home/chris/Desktop/heuristics/instances/50/test/instance51_nreq50_nveh2_gamma45.txt,50,0.03,3074.68
/home/chris/Desktop/heuristics/instances/50/test/instance51_nreq50_nveh2_gamma45.txt,50,0.05,2805.59
/home/chris/Desktop/heuristics/instances/50/test/instance51_nreq50_nveh2_gamma45.txt,50,0.07,2417.41
/home/chris/Desktop/heuristics/instances/50/test/instance51_nreq50_nveh2_gamma45.txt,50,0.1,2275.33
/home/chris/Desktop/heuristics/instances/50/test/instance51_nreq50_nveh2_gamma45.txt,50,0.15,1991.13
/home/chris/Desktop/heuristics/instances/50/test/instance51_nreq50_nveh2_gamma45.txt,50,0.2,1747.9
/home/chris/Desktop/heuristics/instances/50/test/instance34_nreq50_nveh2_gamma47.txt,50,0.01,3784.86
/home/chris/Desktop/heuristics/instances/50/test/instance34_nreq50_nveh2_gamma47.txt,50,0.03,3461.61
/home/chris/Desktop/heuristics/instances/50/test/instance34_nreq50_nveh2_gamma47.txt,50,0.05,2972.14
/home/chris/Desktop/heuristics/instances/50/test/instance34_nreq50_nveh2_gamma47.txt,50,0.07,2982.15
/home/chris/Desktop/heuristics/instances/50/test/instance34_nreq50_nveh2_gamma47.txt,50,0.1,2556.59
/home/chris/Desktop/heuristics/instances/50/test/instance34_nreq50_nveh2_gamma47.txt,50,0.15,2103.72
/home/chris/Desktop/heuristics/instances/50/test/instance34_nreq50_nveh2_gamma47.txt,50,0.2,2123.76
/home/chris/Desktop/heuristics/instances/50/test/instance53_nreq50_nveh2_gamma44.txt,50,0.01,3611.74
/home/chris/Desktop/heuristics/instances/50/test/instance53_nreq50_nveh2_gamma44.txt,50,0.03,2933.35
/home/chris/Desktop/heuristics/instances/50/test/instance53_nreq50_nveh2_gamma44.txt,50,0.05,2782.24
/home/chris/Desktop/heuristics/instances/50/test/instance53_nreq50_nveh2_gamma44.txt,50,0.07,2629.11
/home/chris/Desktop/heuristics/instances/50/test/instance53_nreq50_nveh2_gamma44.txt,50,0.1,2248.72
/home/chris/Desktop/heuristics/instances/50/test/instance53_nreq50_nveh2_gamma44.txt,50,0.15,2080.5
/home/chris/Desktop/heuristics/instances/50/test/instance53_nreq50_nveh2_gamma44.txt,50,0.2,2022.41
/home/chris/Desktop/heuristics/instances/50/test/instance42_nreq50_nveh2_gamma44.txt,50,0.01,3708.38
/home/chris/Desktop/heuristics/instances/50/test/instance42_nreq50_nveh2_gamma44.txt,50,0.03,3087.34
/home/chris/Desktop/heuristics/instances/50/test/instance42_nreq50_nveh2_gamma44.txt,50,0.05,2905.97
/home/chris/Desktop/heuristics/instances/50/test/instance42_nreq50_nveh2_gamma44.txt,50,0.07,2708.93
/home/chris/Desktop/heuristics/instances/50/test/instance42_nreq50_nveh2_gamma44.txt,50,0.1,2146.02
/home/chris/Desktop/heuristics/instances/50/test/instance42_nreq50_nveh2_gamma44.txt,50,0.15,2093.91
/home/chris/Desktop/heuristics/instances/50/test/instance42_nreq50_nveh2_gamma44.txt,50,0.2,1975.02
/home/chris/Desktop/heuristics/instances/100/test/instance50_nreq100_nveh2_gamma91.txt,100,0.01,9882.32
/home/chris/Desktop/heuristics/instances/100/test/instance50_nreq100_nveh2_gamma91.txt,100,0.03,8065.25
/home/chris/Desktop/heuristics/instances/100/test/instance50_nreq100_nveh2_gamma91.txt,100,0.05,7190.21
/home/chris/Desktop/heuristics/instances/100/test/instance50_nreq100_nveh2_gamma91.txt,100,0.07,6396.16
/home/chris/Desktop/heuristics/instances/100/test/instance50_nreq100_nveh2_gamma91.txt,100,0.1,6224.15
/home/chris/Desktop/heuristics/instances/100/test/instance50_nreq100_nveh2_gamma91.txt,100,0.15,5260.07
/home/chris/Desktop/heuristics/instances/100/test/instance50_nreq100_nveh2_gamma91.txt,100,0.2,5154.06
/home/chris/Desktop/heuristics/instances/100/test/instance60_nreq100_nveh2_gamma87.txt,100,0.01,9769.36
/home/chris/Desktop/heuristics/instances/100/test/instance60_nreq100_nveh2_gamma87.txt,100,0.03,7635.28
/home/chris/Desktop/heuristics/instances/100/test/instance60_nreq100_nveh2_gamma87.txt,100,0.05,6837.24
/home/chris/Desktop/heuristics/instances/100/test/instance60_nreq100_nveh2_gamma87.txt,100,0.07,6120.19
/home/chris/Desktop/heuristics/instances/100/test/instance60_nreq100_nveh2_gamma87.txt,100,0.1,5480.13
/home/chris/Desktop/heuristics/instances/100/test/instance60_nreq100_nveh2_gamma87.txt,100,0.15,5071.09
/home/chris/Desktop/heuristics/instances/100/test/instance60_nreq100_nveh2_gamma87.txt,100,0.2,4939.07
/home/chris/Desktop/heuristics/instances/100/test/instance59_nreq100_nveh2_gamma96.txt,100,0.01,9298.25
/home/chris/Desktop/heuristics/instances/100/test/instance59_nreq100_nveh2_gamma96.txt,100,0.03,8469.17
/home/chris/Desktop/heuristics/instances/100/test/instance59_nreq100_nveh2_gamma96.txt,100,0.05,7183.01
/home/chris/Desktop/heuristics/instances/100/test/instance59_nreq100_nveh2_gamma96.txt,100,0.07,6310.86
/home/chris/Desktop/heuristics/instances/100/test/instance59_nreq100_nveh2_gamma96.txt,100,0.1,5702.73
/home/chris/Desktop/heuristics/instances/100/test/instance59_nreq100_nveh2_gamma96.txt,100,0.15,5252.61
/home/chris/Desktop/heuristics/instances/100/test/instance59_nreq100_nveh2_gamma96.txt,100,0.2,5262.61
/home/chris/Desktop/heuristics/instances/100/test/instance40_nreq100_nveh2_gamma86.txt,100,0.01,9600.79
/home/chris/Desktop/heuristics/instances/100/test/instance40_nreq100_nveh2_gamma86.txt,100,0.03,7942.55
/home/chris/Desktop/heuristics/instances/100/test/instance40_nreq100_nveh2_gamma86.txt,100,0.05,6428.29
/home/chris/Desktop/heuristics/instances/100/test/instance40_nreq100_nveh2_gamma86.txt,100,0.07,6032.24
/home/chris/Desktop/heuristics/instances/100/test/instance40_nreq100_nveh2_gamma86.txt,100,0.1,5317.87
/home/chris/Desktop/heuristics/instances/100/test/instance40_nreq100_nveh2_gamma86.txt,100,0.15,5054.76
/home/chris/Desktop/heuristics/instances/100/test/instance40_nreq100_nveh2_gamma86.txt,100,0.2,5044.75
/home/chris/Desktop/heuristics/instances/100/test/instance35_nreq100_nveh2_gamma89.txt,100,0.01,10088.3
/home/chris/Desktop/heuristics/instances/100/test/instance35_nreq100_nveh2_gamma89.txt,100,0.03,7867.37
/home/chris/Desktop/heuristics/instances/100/test/instance35_nreq100_nveh2_gamma89.txt,100,0.05,6885.24
/home/chris/Desktop/heuristics/instances/100/test/instance35_nreq100_nveh2_gamma89.txt,100,0.07,6010.07
/home/chris/Desktop/heuristics/instances/100/test/instance35_nreq100_nveh2_gamma89.txt,100,0.1,5600.98
/home/chris/Desktop/heuristics/instances/100/test/instance35_nreq100_nveh2_gamma89.txt,100,0.15,5108.85
/home/chris/Desktop/heuristics/instances/100/test/instance35_nreq100_nveh2_gamma89.txt,100,0.2,4476.63
/home/chris/Desktop/heuristics/instances/100/test/instance51_nreq100_nveh2_gamma93.txt,100,0.01,9897.04
/home/chris/Desktop/heuristics/instances/100/test/instance51_nreq100_nveh2_gamma93.txt,100,0.03,8313.88
/home/chris/Desktop/heuristics/instances/100/test/instance51_nreq100_nveh2_gamma93.txt,100,0.05,6875.67
/home/chris/Desktop/heuristics/instances/100/test/instance51_nreq100_nveh2_gamma93.txt,100,0.07,6097.51
/home/chris/Desktop/heuristics/instances/100/test/instance51_nreq100_nveh2_gamma93.txt,100,0.1,5304.29
/home/chris/Desktop/heuristics/instances/100/test/instance51_nreq100_nveh2_gamma93.txt,100,0.15,5001.19
/home/chris/Desktop/heuristics/instances/100/test/instance51_nreq100_nveh2_gamma93.txt,100,0.2,5098.23
/home/chris/Desktop/heuristics/instances/100/test/instance54_nreq100_nveh2_gamma85.txt,100,0.01,10006
/home/chris/Desktop/heuristics/instances/100/test/instance54_nreq100_nveh2_gamma85.txt,100,0.03,8196.87
/home/chris/Desktop/heuristics/instances/100/test/instance54_nreq100_nveh2_gamma85.txt,100,0.05,7113.75
/home/chris/Desktop/heuristics/instances/100/test/instance54_nreq100_nveh2_gamma85.txt,100,0.07,6403.65
/home/chris/Desktop/heuristics/instances/100/test/instance54_nreq100_nveh2_gamma85.txt,100,0.1,5366.45
/home/chris/Desktop/heuristics/instances/100/test/instance54_nreq100_nveh2_gamma85.txt,100,0.15,5213.41
/home/chris/Desktop/heuristics/instances/100/test/instance54_nreq100_nveh2_gamma85.txt,100,0.2,4961.35
/home/chris/Desktop/heuristics/instances/100/test/instance55_nreq100_nveh2_gamma88.txt,100,0.01,9126.74
/home/chris/Desktop/heuristics/instances/100/test/instance55_nreq100_nveh2_gamma88.txt,100,0.03,8514.69
/home/chris/Desktop/heuristics/instances/100/test/instance55_nreq100_nveh2_gamma88.txt,100,0.05,7090.56
/home/chris/Desktop/heuristics/instances/100/test/instance55_nreq100_nveh2_gamma88.txt,100,0.07,5566.34
/home/chris/Desktop/heuristics/instances/100/test/instance55_nreq100_nveh2_gamma88.txt,100,0.1,5323.29
/home/chris/Desktop/heuristics/instances/100/test/instance55_nreq100_nveh2_gamma88.txt,100,0.15,4783.17
/home/chris/Desktop/heuristics/instances/100/test/instance55_nreq100_nveh2_gamma88.txt,100,0.2,4735.16
/home/chris/Desktop/heuristics/instances/100/test/instance47_nreq100_nveh2_gamma90.txt,100,0.01,10236.5
/home/chris/Desktop/heuristics/instances/100/test/instance47_nreq100_nveh2_gamma90.txt,100,0.03,8189.24
/home/chris/Desktop/heuristics/instances/100/test/instance47_nreq100_nveh2_gamma90.txt,100,0.05,7252.09
/home/chris/Desktop/heuristics/instances/100/test/instance47_nreq100_nveh2_gamma90.txt,100,0.07,6299.9
/home/chris/Desktop/heuristics/instances/100/test/instance47_nreq100_nveh2_gamma90.txt,100,0.1,5854.79
/home/chris/Desktop/heuristics/instances/100/test/instance47_nreq100_nveh2_gamma90.txt,100,0.15,5179.58
/home/chris/Desktop/heuristics/instances/100/test/instance47_nreq100_nveh2_gamma90.txt,100,0.2,5373.64
/home/chris/Desktop/heuristics/instances/100/test/instance38_nreq100_nveh2_gamma88.txt,100,0.01,9608.03
/home/chris/Desktop/heuristics/instances/100/test/instance38_nreq100_nveh2_gamma88.txt,100,0.03,7798.89
/home/chris/Desktop/heuristics/instances/100/test/instance38_nreq100_nveh2_gamma88.txt,100,0.05,6940.81
/home/chris/Desktop/heuristics/instances/100/test/instance38_nreq100_nveh2_gamma88.txt,100,0.07,6070.69
/home/chris/Desktop/heuristics/instances/100/test/instance38_nreq100_nveh2_gamma88.txt,100,0.1,6256.72
/home/chris/Desktop/heuristics/instances/100/test/instance38_nreq100_nveh2_gamma88.txt,100,0.15,5488.59
/home/chris/Desktop/heuristics/instances/100/test/instance38_nreq100_nveh2_gamma88.txt,100,0.2,5163.53
/home/chris/Desktop/heuristics/instances/100/test/instance39_nreq100_nveh2_gamma92.txt,100,0.01,9537.64
/home/chris/Desktop/heuristics/instances/100/test/instance39_nreq100_nveh2_gamma92.txt,100,0.03,8314.42
/home/chris/Desktop/heuristics/instances/100/test/instance39_nreq100_nveh2_gamma92.txt,100,0.05,6687
/home/chris/Desktop/heuristics/instances/100/test/instance39_nreq100_nveh2_gamma92.txt,100,0.07,6321.88
/home/chris/Desktop/heuristics/instances/100/test/instance39_nreq100_nveh2_gamma92.txt,100,0.1,5958.74
/home/chris/Desktop/heuristics/instances/100/test/instance39_nreq100_nveh2_gamma92.txt,100,0.15,5048.3
/home/chris/Desktop/heuristics/instances/100/test/instance39_nreq100_nveh2_gamma92.txt,100,0.2,4758.13
/home/chris/Desktop/heuristics/instances/100/test/instance41_nreq100_nveh2_gamma86.txt,100,0.01,9261.95
/home/chris/Desktop/heuristics/instances/100/test/instance41_nreq100_nveh2_gamma86.txt,100,0.03,8151.89
/home/chris/Desktop/heuristics/instances/100/test/instance41_nreq100_nveh2_gamma86.txt,100,0.05,6468.53
/home/chris/Desktop/heuristics/instances/100/test/instance41_nreq100_nveh2_gamma86.txt,100,0.07,6442.39
/home/chris/Desktop/heuristics/instances/100/test/instance41_nreq100_nveh2_gamma86.txt,100,0.1,5710.14
/home/chris/Desktop/heuristics/instances/100/test/instance41_nreq100_nveh2_gamma86.txt,100,0.15,5003.23
/home/chris/Desktop/heuristics/instances/100/test/instance41_nreq100_nveh2_gamma86.txt,100,0.2,4763.13
/home/chris/Desktop/heuristics/instances/100/test/instance37_nreq100_nveh2_gamma89.txt,100,0.01,9643.79
/home/chris/Desktop/heuristics/instances/100/test/instance37_nreq100_nveh2_gamma89.txt,100,0.03,8560.65
/home/chris/Desktop/heuristics/instances/100/test/instance37_nreq100_nveh2_gamma89.txt,100,0.05,7486.47
/home/chris/Desktop/heuristics/instances/100/test/instance37_nreq100_nveh2_gamma89.txt,100,0.07,6100.14
/home/chris/Desktop/heuristics/instances/100/test/instance37_nreq100_nveh2_gamma89.txt,100,0.1,5493.94
/home/chris/Desktop/heuristics/instances/100/test/instance37_nreq100_nveh2_gamma89.txt,100,0.15,5422.92
/home/chris/Desktop/heuristics/instances/100/test/instance37_nreq100_nveh2_gamma89.txt,100,0.2,4914.71
/home/chris/Desktop/heuristics/instances/100/test/instance31_nreq100_nveh2_gamma86.txt,100,0.01,10274.7
/home/chris/Desktop/heuristics/instances/100/test/instance31_nreq100_nveh2_gamma86.txt,100,0.03,8670.43
/home/chris/Desktop/heuristics/instances/100/test/instance31_nreq100_nveh2_gamma86.txt,100,0.05,7051.01
/home/chris/Desktop/heuristics/instances/100/test/instance31_nreq100_nveh2_gamma86.txt,100,0.07,6053.64
/home/chris/Desktop/heuristics/instances/100/test/instance31_nreq100_nveh2_gamma86.txt,100,0.1,5690.47
/home/chris/Desktop/heuristics/instances/100/test/instance31_nreq100_nveh2_gamma86.txt,100,0.15,4873
/home/chris/Desktop/heuristics/instances/100/test/instance31_nreq100_nveh2_gamma86.txt,100,0.2,4728.9
/home/chris/Desktop/heuristics/instances/100/test/instance32_nreq100_nveh2_gamma89.txt,100,0.01,10083.6
/home/chris/Desktop/heuristics/instances/100/test/instance32_nreq100_nveh2_gamma89.txt,100,0.03,8503.44
/home/chris/Desktop/heuristics/instances/100/test/instance32_nreq100_nveh2_gamma89.txt,100,0.05,6944.26
/home/chris/Desktop/heuristics/instances/100/test/instance32_nreq100_nveh2_gamma89.txt,100,0.07,6015.11
/home/chris/Desktop/heuristics/instances/100/test/instance32_nreq100_nveh2_gamma89.txt,100,0.1,5480
/home/chris/Desktop/heuristics/instances/100/test/instance32_nreq100_nveh2_gamma89.txt,100,0.15,5226.93
/home/chris/Desktop/heuristics/instances/100/test/instance32_nreq100_nveh2_gamma89.txt,100,0.2,5029.88
/home/chris/Desktop/heuristics/instances/100/test/instance34_nreq100_nveh2_gamma87.txt,100,0.01,9407.51
/home/chris/Desktop/heuristics/instances/100/test/instance34_nreq100_nveh2_gamma87.txt,100,0.03,7918.47
/home/chris/Desktop/heuristics/instances/100/test/instance34_nreq100_nveh2_gamma87.txt,100,0.05,6958.43
/home/chris/Desktop/heuristics/instances/100/test/instance34_nreq100_nveh2_gamma87.txt,100,0.07,6044.39
/home/chris/Desktop/heuristics/instances/100/test/instance34_nreq100_nveh2_gamma87.txt,100,0.1,5354.35
/home/chris/Desktop/heuristics/instances/100/test/instance34_nreq100_nveh2_gamma87.txt,100,0.15,4945.31
/home/chris/Desktop/heuristics/instances/100/test/instance34_nreq100_nveh2_gamma87.txt,100,0.2,4581.28
/home/chris/Desktop/heuristics/instances/100/test/instance45_nreq100_nveh2_gamma94.txt,100,0.01,9430.82
/home/chris/Desktop/heuristics/instances/100/test/instance45_nreq100_nveh2_gamma94.txt,100,0.03,8249.68
/home/chris/Desktop/heuristics/instances/100/test/instance45_nreq100_nveh2_gamma94.txt,100,0.05,6944.47
/home/chris/Desktop/heuristics/instances/100/test/instance45_nreq100_nveh2_gamma94.txt,100,0.07,6356.35
/home/chris/Desktop/heuristics/instances/100/test/instance45_nreq100_nveh2_gamma94.txt,100,0.1,5568.14
/home/chris/Desktop/heuristics/instances/100/test/instance45_nreq100_nveh2_gamma94.txt,100,0.15,5050.96
/home/chris/Desktop/heuristics/instances/100/test/instance45_nreq100_nveh2_gamma94.txt,100,0.2,4953.92
/home/chris/Desktop/heuristics/instances/100/test/instance46_nreq100_nveh2_gamma92.txt,100,0.01,9780.97
/home/chris/Desktop/heuristics/instances/100/test/instance46_nreq100_nveh2_gamma92.txt,100,0.03,8249.09
/home/chris/Desktop/heuristics/instances/100/test/instance46_nreq100_nveh2_gamma92.txt,100,0.05,6750.95
/home/chris/Desktop/heuristics/instances/100/test/instance46_nreq100_nveh2_gamma92.txt,100,0.07,6046.86
/home/chris/Desktop/heuristics/instances/100/test/instance46_nreq100_nveh2_gamma92.txt,100,0.1,5791.82
/home/chris/Desktop/heuristics/instances/100/test/instance46_nreq100_nveh2_gamma92.txt,100,0.15,5130.7
/home/chris/Desktop/heuristics/instances/100/test/instance46_nreq100_nveh2_gamma92.txt,100,0.2,4828.63
/home/chris/Desktop/heuristics/instances/100/test/instance48_nreq100_nveh2_gamma91.txt,100,0.01,9613.01
/home/chris/Desktop/heuristics/instances/100/test/instance48_nreq100_nveh2_gamma91.txt,100,0.03,8158.85
/home/chris/Desktop/heuristics/instances/100/test/instance48_nreq100_nveh2_gamma91.txt,100,0.05,6515.58
/home/chris/Desktop/heuristics/instances/100/test/instance48_nreq100_nveh2_gamma91.txt,100,0.07,6049.48
/home/chris/Desktop/heuristics/instances/100/test/instance48_nreq100_nveh2_gamma91.txt,100,0.1,5418.31
/home/chris/Desktop/heuristics/instances/100/test/instance48_nreq100_nveh2_gamma91.txt,100,0.15,5138.22
/home/chris/Desktop/heuristics/instances/100/test/instance48_nreq100_nveh2_gamma91.txt,100,0.2,4647.03
/home/chris/Desktop/heuristics/instances/100/test/instance33_nreq100_nveh2_gamma92.txt,100,0.01,9521.79
/home/chris/Desktop/heuristics/instances/100/test/instance33_nreq100_nveh2_gamma92.txt,100,0.03,7929.31
/home/chris/Desktop/heuristics/instances/100/test/instance33_nreq100_nveh2_gamma92.txt,100,0.05,6336.75
/home/chris/Desktop/heuristics/instances/100/test/instance33_nreq100_nveh2_gamma92.txt,100,0.07,5707.15
/home/chris/Desktop/heuristics/instances/100/test/instance33_nreq100_nveh2_gamma92.txt,100,0.1,5538.24
/home/chris/Desktop/heuristics/instances/100/test/instance33_nreq100_nveh2_gamma92.txt,100,0.15,4794.74
/home/chris/Desktop/heuristics/instances/100/test/instance33_nreq100_nveh2_gamma92.txt,100,0.2,4513.49
/home/chris/Desktop/heuristics/instances/100/test/instance52_nreq100_nveh2_gamma89.txt,100,0.01,9324.72
/home/chris/Desktop/heuristics/instances/100/test/instance52_nreq100_nveh2_gamma89.txt,100,0.03,7580.63
/home/chris/Desktop/heuristics/instances/100/test/instance52_nreq100_nveh2_gamma89.txt,100,0.05,6784.58
/home/chris/Desktop/heuristics/instances/100/test/instance52_nreq100_nveh2_gamma89.txt,100,0.07,5856.5
/home/chris/Desktop/heuristics/instances/100/test/instance52_nreq100_nveh2_gamma89.txt,100,0.1,5471.46
/home/chris/Desktop/heuristics/instances/100/test/instance52_nreq100_nveh2_gamma89.txt,100,0.15,5111.42
/home/chris/Desktop/heuristics/instances/100/test/instance52_nreq100_nveh2_gamma89.txt,100,0.2,4441.32
/home/chris/Desktop/heuristics/instances/100/test/instance56_nreq100_nveh2_gamma89.txt,100,0.01,8771.42
/home/chris/Desktop/heuristics/instances/100/test/instance56_nreq100_nveh2_gamma89.txt,100,0.03,8234.31
/home/chris/Desktop/heuristics/instances/100/test/instance56_nreq100_nveh2_gamma89.txt,100,0.05,7037.17
/home/chris/Desktop/heuristics/instances/100/test/instance56_nreq100_nveh2_gamma89.txt,100,0.07,5997.83
/home/chris/Desktop/heuristics/instances/100/test/instance56_nreq100_nveh2_gamma89.txt,100,0.1,5508.62
/home/chris/Desktop/heuristics/instances/100/test/instance56_nreq100_nveh2_gamma89.txt,100,0.15,5171.21
/home/chris/Desktop/heuristics/instances/100/test/instance56_nreq100_nveh2_gamma89.txt,100,0.2,4899.86
/home/chris/Desktop/heuristics/instances/100/test/instance42_nreq100_nveh2_gamma87.txt,100,0.01,9800.03
/home/chris/Desktop/heuristics/instances/100/test/instance42_nreq100_nveh2_gamma87.txt,100,0.03,8464.83
/home/chris/Desktop/heuristics/instances/100/test/instance42_nreq100_nveh2_gamma87.txt,100,0.05,6616.29
/home/chris/Desktop/heuristics/instances/100/test/instance42_nreq100_nveh2_gamma87.txt,100,0.07,5906.77
/home/chris/Desktop/heuristics/instances/100/test/instance42_nreq100_nveh2_gamma87.txt,100,0.1,5674.37
/home/chris/Desktop/heuristics/instances/100/test/instance42_nreq100_nveh2_gamma87.txt,100,0.15,5384.83
/home/chris/Desktop/heuristics/instances/100/test/instance42_nreq100_nveh2_gamma87.txt,100,0.2,5134.7
/home/chris/Desktop/heuristics/instances/100/test/instance53_nreq100_nveh2_gamma85.txt,100,0.01,10669.5
/home/chris/Desktop/heuristics/instances/100/test/instance53_nreq100_nveh2_gamma85.txt,100,0.03,8495.36
/home/chris/Desktop/heuristics/instances/100/test/instance53_nreq100_nveh2_gamma85.txt,100,0.05,7027.2
/home/chris/Desktop/heuristics/instances/100/test/instance53_nreq100_nveh2_gamma85.txt,100,0.07,6373.1
/home/chris/Desktop/heuristics/instances/100/test/instance53_nreq100_nveh2_gamma85.txt,100,0.1,5812.99
/home/chris/Desktop/heuristics/instances/100/test/instance53_nreq100_nveh2_gamma85.txt,100,0.15,5503.92
/home/chris/Desktop/heuristics/instances/100/test/instance53_nreq100_nveh2_gamma85.txt,100,0.2,4712.71
/home/chris/Desktop/heuristics/instances/100/test/instance49_nreq100_nveh2_gamma87.txt,100,0.01,9116.1
/home/chris/Desktop/heuristics/instances/100/test/instance49_nreq100_nveh2_gamma87.txt,100,0.03,8110.97
/home/chris/Desktop/heuristics/instances/100/test/instance49_nreq100_nveh2_gamma87.txt,100,0.05,7436.75
/home/chris/Desktop/heuristics/instances/100/test/instance49_nreq100_nveh2_gamma87.txt,100,0.07,6146.66
/home/chris/Desktop/heuristics/instances/100/test/instance49_nreq100_nveh2_gamma87.txt,100,0.1,5732.54
/home/chris/Desktop/heuristics/instances/100/test/instance49_nreq100_nveh2_gamma87.txt,100,0.15,5311.41
/home/chris/Desktop/heuristics/instances/100/test/instance49_nreq100_nveh2_gamma87.txt,100,0.2,4967.29
/home/chris/Desktop/heuristics/instances/100/test/instance44_nreq100_nveh2_gamma89.txt,100,0.01,9783.84
/home/chris/Desktop/heuristics/instances/100/test/instance44_nreq100_nveh2_gamma89.txt,100,0.03,7831.84
/home/chris/Desktop/heuristics/instances/100/test/instance44_nreq100_nveh2_gamma89.txt,100,0.05,7465.78
/home/chris/Desktop/heuristics/instances/100/test/instance44_nreq100_nveh2_gamma89.txt,100,0.07,6040.52
/home/chris/Desktop/heuristics/instances/100/test/instance44_nreq100_nveh2_gamma89.txt,100,0.1,5458.37
/home/chris/Desktop/heuristics/instances/100/test/instance44_nreq100_nveh2_gamma89.txt,100,0.15,5014.24
/home/chris/Desktop/heuristics/instances/100/test/instance44_nreq100_nveh2_gamma89.txt,100,0.2,5067.25
/home/chris/Desktop/heuristics/instances/100/test/instance57_nreq100_nveh2_gamma91.txt,100,0.01,10012.3
/home/chris/Desktop/heuristics/instances/100/test/instance57_nreq100_nveh2_gamma91.txt,100,0.03,7911.08
/home/chris/Desktop/heuristics/instances/100/test/instance57_nreq100_nveh2_gamma91.txt,100,0.05,6991.98
/home/chris/Desktop/heuristics/instances/100/test/instance57_nreq100_nveh2_gamma91.txt,100,0.07,6120.83
/home/chris/Desktop/heuristics/instances/100/test/instance57_nreq100_nveh2_gamma91.txt,100,0.1,5794.77
/home/chris/Desktop/heuristics/instances/100/test/instance57_nreq100_nveh2_gamma91.txt,100,0.15,5238.63
/home/chris/Desktop/heuristics/instances/100/test/instance57_nreq100_nveh2_gamma91.txt,100,0.2,4955.55
/home/chris/Desktop/heuristics/instances/100/test/instance43_nreq100_nveh2_gamma88.txt,100,0.01,8779.99
/home/chris/Desktop/heuristics/instances/100/test/instance43_nreq100_nveh2_gamma88.txt,100,0.03,7723
/home/chris/Desktop/heuristics/instances/100/test/instance43_nreq100_nveh2_gamma88.txt,100,0.05,6555.75
/home/chris/Desktop/heuristics/instances/100/test/instance43_nreq100_nveh2_gamma88.txt,100,0.07,6137.69
/home/chris/Desktop/heuristics/instances/100/test/instance43_nreq100_nveh2_gamma88.txt,100,0.1,5410.56
/home/chris/Desktop/heuristics/instances/100/test/instance43_nreq100_nveh2_gamma88.txt,100,0.15,5253.52
/home/chris/Desktop/heuristics/instances/100/test/instance43_nreq100_nveh2_gamma88.txt,100,0.2,4710.39
/home/chris/Desktop/heuristics/instances/100/test/instance36_nreq100_nveh2_gamma90.txt,100,0.01,9304.63
/home/chris/Desktop/heuristics/instances/100/test/instance36_nreq100_nveh2_gamma90.txt,100,0.03,7790.46
/home/chris/Desktop/heuristics/instances/100/test/instance36_nreq100_nveh2_gamma90.txt,100,0.05,6803.3
/home/chris/Desktop/heuristics/instances/100/test/instance36_nreq100_nveh2_gamma90.txt,100,0.07,6348.21
/home/chris/Desktop/heuristics/instances/100/test/instance36_nreq100_nveh2_gamma90.txt,100,0.1,5433.99
/home/chris/Desktop/heuristics/instances/100/test/instance36_nreq100_nveh2_gamma90.txt,100,0.15,4755.76
/home/chris/Desktop/heuristics/instances/100/test/instance36_nreq100_nveh2_gamma90.txt,100,0.2,5132.89
/home/chris/Desktop/heuristics/instances/100/test/instance58_nreq100_nveh2_gamma91.txt,100,0.01,9453.86
/home/chris/Desktop/heuristics/instances/100/test/instance58_nreq100_nveh2_gamma91.txt,100,0.03,8095.73
/home/chris/Desktop/heuristics/instances/100/test/instance58_nreq100_nveh2_gamma91.txt,100,0.05,7346.64
/home/chris/Desktop/heuristics/instances/100/test/instance58_nreq100_nveh2_gamma91.txt,100,0.07,6303.58
/home/chris/Desktop/heuristics/instances/100/test/instance58_nreq100_nveh2_gamma91.txt,100,0.1,5936.52
/home/chris/Desktop/heuristics/instances/100/test/instance58_nreq100_nveh2_gamma91.txt,100,0.15,5073.54
/home/chris/Desktop/heuristics/instances/100/test/instance58_nreq100_nveh2_gamma91.txt,100,0.2,5216.36
/home/chris/Desktop/heuristics/instances/200/test/instance34_nreq200_nveh4_gamma184.txt,200,0.01,26985.2
/home/chris/Desktop/heuristics/instances/200/test/instance34_nreq200_nveh4_gamma184.txt,200,0.03,21483.8
/home/chris/Desktop/heuristics/instances/200/test/instance34_nreq200_nveh4_gamma184.txt,200,0.05,16984.3
/home/chris/Desktop/heuristics/instances/200/test/instance34_nreq200_nveh4_gamma184.txt,200,0.07,15573.1
/home/chris/Desktop/heuristics/instances/200/test/instance34_nreq200_nveh4_gamma184.txt,200,0.1,14357.4
/home/chris/Desktop/heuristics/instances/200/test/instance34_nreq200_nveh4_gamma184.txt,200,0.15,13442.8
/home/chris/Desktop/heuristics/instances/200/test/instance34_nreq200_nveh4_gamma184.txt,200,0.2,12500.5
/home/chris/Desktop/heuristics/instances/200/test/instance49_nreq200_nveh4_gamma187.txt,200,0.01,27298.7
/home/chris/Desktop/heuristics/instances/200/test/instance49_nreq200_nveh4_gamma187.txt,200,0.03,21219
/home/chris/Desktop/heuristics/instances/200/test/instance49_nreq200_nveh4_gamma187.txt,200,0.05,17422.6
/home/chris/Desktop/heuristics/instances/200/test/instance49_nreq200_nveh4_gamma187.txt,200,0.07,15359.2
/home/chris/Desktop/heuristics/instances/200/test/instance49_nreq200_nveh4_gamma187.txt,200,0.1,14687.2
/home/chris/Desktop/heuristics/instances/200/test/instance49_nreq200_nveh4_gamma187.txt,200,0.15,13424.9
/home/chris/Desktop/heuristics/instances/200/test/instance49_nreq200_nveh4_gamma187.txt,200,0.2,12838.6
/home/chris/Desktop/heuristics/instances/200/test/instance45_nreq200_nveh4_gamma180.txt,200,0.01,26136.5
/home/chris/Desktop/heuristics/instances/200/test/instance45_nreq200_nveh4_gamma180.txt,200,0.03,20425.8
/home/chris/Desktop/heuristics/instances/200/test/instance45_nreq200_nveh4_gamma180.txt,200,0.05,17863.9
/home/chris/Desktop/heuristics/instances/200/test/instance45_nreq200_nveh4_gamma180.txt,200,0.07,16035.2
/home/chris/Desktop/heuristics/instances/200/test/instance45_nreq200_nveh4_gamma180.txt,200,0.1,14641.6
/home/chris/Desktop/heuristics/instances/200/test/instance45_nreq200_nveh4_gamma180.txt,200,0.15,13713.8
/home/chris/Desktop/heuristics/instances/200/test/instance45_nreq200_nveh4_gamma180.txt,200,0.2,13189.6
/home/chris/Desktop/heuristics/instances/200/test/instance47_nreq200_nveh4_gamma184.txt,200,0.01,26628.5
/home/chris/Desktop/heuristics/instances/200/test/instance47_nreq200_nveh4_gamma184.txt,200,0.03,20713.9
/home/chris/Desktop/heuristics/instances/200/test/instance47_nreq200_nveh4_gamma184.txt,200,0.05,17855.3
/home/chris/Desktop/heuristics/instances/200/test/instance47_nreq200_nveh4_gamma184.txt,200,0.07,16694.9
/home/chris/Desktop/heuristics/instances/200/test/instance47_nreq200_nveh4_gamma184.txt,200,0.1,15589
/home/chris/Desktop/heuristics/instances/200/test/instance47_nreq200_nveh4_gamma184.txt,200,0.15,14843.2
/home/chris/Desktop/heuristics/instances/200/test/instance47_nreq200_nveh4_gamma184.txt,200,0.2,13426.7
/home/chris/Desktop/heuristics/instances/200/test/instance32_nreq200_nveh4_gamma184.txt,200,0.01,26402.2
/home/chris/Desktop/heuristics/instances/200/test/instance32_nreq200_nveh4_gamma184.txt,200,0.03,20276.9
/home/chris/Desktop/heuristics/instances/200/test/instance32_nreq200_nveh4_gamma184.txt,200,0.05,17045.7
/home/chris/Desktop/heuristics/instances/200/test/instance32_nreq200_nveh4_gamma184.txt,200,0.07,15735.6
/home/chris/Desktop/heuristics/instances/200/test/instance32_nreq200_nveh4_gamma184.txt,200,0.1,14540.5
/home/chris/Desktop/heuristics/instances/200/test/instance32_nreq200_nveh4_gamma184.txt,200,0.15,12758.4
/home/chris/Desktop/heuristics/instances/200/test/instance32_nreq200_nveh4_gamma184.txt,200,0.2,13090.9
/home/chris/Desktop/heuristics/instances/200/test/instance36_nreq200_nveh4_gamma181.txt,200,0.01,26341.9
/home/chris/Desktop/heuristics/instances/200/test/instance36_nreq200_nveh4_gamma181.txt,200,0.03,21045.8
/home/chris/Desktop/heuristics/instances/200/test/instance36_nreq200_nveh4_gamma181.txt,200,0.05,18112.5
/home/chris/Desktop/heuristics/instances/200/test/instance36_nreq200_nveh4_gamma181.txt,200,0.07,15948.7
/home/chris/Desktop/heuristics/instances/200/test/instance36_nreq200_nveh4_gamma181.txt,200,0.1,14937.6
/home/chris/Desktop/heuristics/instances/200/test/instance36_nreq200_nveh4_gamma181.txt,200,0.15,13814.6
/home/chris/Desktop/heuristics/instances/200/test/instance36_nreq200_nveh4_gamma181.txt,200,0.2,13119.2
/home/chris/Desktop/heuristics/instances/200/test/instance51_nreq200_nveh4_gamma172.txt,200,0.01,26542.8
/home/chris/Desktop/heuristics/instances/200/test/instance51_nreq200_nveh4_gamma172.txt,200,0.03,21097.9
/home/chris/Desktop/heuristics/instances/200/test/instance51_nreq200_nveh4_gamma172.txt,200,0.05,18043.1
/home/chris/Desktop/heuristics/instances/200/test/instance51_nreq200_nveh4_gamma172.txt,200,0.07,15302
/home/chris/Desktop/heuristics/instances/200/test/instance51_nreq200_nveh4_gamma172.txt,200,0.1,14327.6
/home/chris/Desktop/heuristics/instances/200/test/instance51_nreq200_nveh4_gamma172.txt,200,0.15,13804
/home/chris/Desktop/heuristics/instances/200/test/instance51_nreq200_nveh4_gamma172.txt,200,0.2,13236
/home/chris/Desktop/heuristics/instances/200/test/instance39_nreq200_nveh4_gamma186.txt,200,0.01,27261.8
/home/chris/Desktop/heuristics/instances/200/test/instance39_nreq200_nveh4_gamma186.txt,200,0.03,22245.9
/home/chris/Desktop/heuristics/instances/200/test/instance39_nreq200_nveh4_gamma186.txt,200,0.05,17623.7
/home/chris/Desktop/heuristics/instances/200/test/instance39_nreq200_nveh4_gamma186.txt,200,0.07,16367.2
/home/chris/Desktop/heuristics/instances/200/test/instance39_nreq200_nveh4_gamma186.txt,200,0.1,15477.6
/home/chris/Desktop/heuristics/instances/200/test/instance39_nreq200_nveh4_gamma186.txt,200,0.15,14380.8
/home/chris/Desktop/heuristics/instances/200/test/instance39_nreq200_nveh4_gamma186.txt,200,0.2,14719
/home/chris/Desktop/heuristics/instances/200/test/instance35_nreq200_nveh4_gamma183.txt,200,0.01,25674.8
/home/chris/Desktop/heuristics/instances/200/test/instance35_nreq200_nveh4_gamma183.txt,200,0.03,20895.8
/home/chris/Desktop/heuristics/instances/200/test/instance35_nreq200_nveh4_gamma183.txt,200,0.05,17423.9
/home/chris/Desktop/heuristics/instances/200/test/instance35_nreq200_nveh4_gamma183.txt,200,0.07,15633.8
/home/chris/Desktop/heuristics/instances/200/test/instance35_nreq200_nveh4_gamma183.txt,200,0.1,14882
/home/chris/Desktop/heuristics/instances/200/test/instance35_nreq200_nveh4_gamma183.txt,200,0.15,13596.3
/home/chris/Desktop/heuristics/instances/200/test/instance35_nreq200_nveh4_gamma183.txt,200,0.2,13612.9
/home/chris/Desktop/heuristics/instances/200/test/instance33_nreq200_nveh4_gamma181.txt,200,0.01,25573.6
/home/chris/Desktop/heuristics/instances/200/test/instance33_nreq200_nveh4_gamma181.txt,200,0.03,20010.9
/home/chris/Desktop/heuristics/instances/200/test/instance33_nreq200_nveh4_gamma181.txt,200,0.05,16559.7
/home/chris/Desktop/heuristics/instances/200/test/instance33_nreq200_nveh4_gamma181.txt,200,0.07,15617.1
/home/chris/Desktop/heuristics/instances/200/test/instance33_nreq200_nveh4_gamma181.txt,200,0.1,14517.5
/home/chris/Desktop/heuristics/instances/200/test/instance33_nreq200_nveh4_gamma181.txt,200,0.15,13609.7
/home/chris/Desktop/heuristics/instances/200/test/instance33_nreq200_nveh4_gamma181.txt,200,0.2,12884.8
/home/chris/Desktop/heuristics/instances/200/test/instance53_nreq200_nveh4_gamma167.txt,200,0.01,27519
/home/chris/Desktop/heuristics/instances/200/test/instance53_nreq200_nveh4_gamma167.txt,200,0.03,21239.9
/home/chris/Desktop/heuristics/instances/200/test/instance53_nreq200_nveh4_gamma167.txt,200,0.05,18398.5
/home/chris/Desktop/heuristics/instances/200/test/instance53_nreq200_nveh4_gamma167.txt,200,0.07,16776.2
/home/chris/Desktop/heuristics/instances/200/test/instance53_nreq200_nveh4_gamma167.txt,200,0.1,15303.6
/home/chris/Desktop/heuristics/instances/200/test/instance53_nreq200_nveh4_gamma167.txt,200,0.15,14446.8
/home/chris/Desktop/heuristics/instances/200/test/instance53_nreq200_nveh4_gamma167.txt,200,0.2,13975.1
/home/chris/Desktop/heuristics/instances/200/test/instance54_nreq200_nveh4_gamma174.txt,200,0.01,26881.4
/home/chris/Desktop/heuristics/instances/200/test/instance54_nreq200_nveh4_gamma174.txt,200,0.03,21112.6
/home/chris/Desktop/heuristics/instances/200/test/instance54_nreq200_nveh4_gamma174.txt,200,0.05,18233.3
/home/chris/Desktop/heuristics/instances/200/test/instance54_nreq200_nveh4_gamma174.txt,200,0.07,16097
/home/chris/Desktop/heuristics/instances/200/test/instance54_nreq200_nveh4_gamma174.txt,200,0.1,14671.9
/home/chris/Desktop/heuristics/instances/200/test/instance54_nreq200_nveh4_gamma174.txt,200,0.15,14345
/home/chris/Desktop/heuristics/instances/200/test/instance54_nreq200_nveh4_gamma174.txt,200,0.2,13738.9
/home/chris/Desktop/heuristics/instances/200/test/instance46_nreq200_nveh4_gamma178.txt,200,0.01,27385
/home/chris/Desktop/heuristics/instances/200/test/instance46_nreq200_nveh4_gamma178.txt,200,0.03,20535.1
/home/chris/Desktop/heuristics/instances/200/test/instance46_nreq200_nveh4_gamma178.txt,200,0.05,17792.3
/home/chris/Desktop/heuristics/instances/200/test/instance46_nreq200_nveh4_gamma178.txt,200,0.07,15574.1
/home/chris/Desktop/heuristics/instances/200/test/instance46_nreq200_nveh4_gamma178.txt,200,0.1,15398.6
/home/chris/Desktop/heuristics/instances/200/test/instance46_nreq200_nveh4_gamma178.txt,200,0.15,14155.6
/home/chris/Desktop/heuristics/instances/200/test/instance46_nreq200_nveh4_gamma178.txt,200,0.2,13376.4
/home/chris/Desktop/heuristics/instances/200/test/instance41_nreq200_nveh4_gamma196.txt,200,0.01,26807.6
/home/chris/Desktop/heuristics/instances/200/test/instance41_nreq200_nveh4_gamma196.txt,200,0.03,20554
/home/chris/Desktop/heuristics/instances/200/test/instance41_nreq200_nveh4_gamma196.txt,200,0.05,16962.9
/home/chris/Desktop/heuristics/instances/200/test/instance41_nreq200_nveh4_gamma196.txt,200,0.07,16266.6
/home/chris/Desktop/heuristics/instances/200/test/instance41_nreq200_nveh4_gamma196.txt,200,0.1,14790.5
/home/chris/Desktop/heuristics/instances/200/test/instance41_nreq200_nveh4_gamma196.txt,200,0.15,14116.7
/home/chris/Desktop/heuristics/instances/200/test/instance41_nreq200_nveh4_gamma196.txt,200,0.2,13642.6
/home/chris/Desktop/heuristics/instances/200/test/instance48_nreq200_nveh4_gamma186.txt,200,0.01,25818.4
/home/chris/Desktop/heuristics/instances/200/test/instance48_nreq200_nveh4_gamma186.txt,200,0.03,20739.7
/home/chris/Desktop/heuristics/instances/200/test/instance48_nreq200_nveh4_gamma186.txt,200,0.05,18427.2
/home/chris/Desktop/heuristics/instances/200/test/instance48_nreq200_nveh4_gamma186.txt,200,0.07,16092.5
/home/chris/Desktop/heuristics/instances/200/test/instance48_nreq200_nveh4_gamma186.txt,200,0.1,16150.5
/home/chris/Desktop/heuristics/instances/200/test/instance48_nreq200_nveh4_gamma186.txt,200,0.15,14423
/home/chris/Desktop/heuristics/instances/200/test/instance48_nreq200_nveh4_gamma186.txt,200,0.2,13959.8
/home/chris/Desktop/heuristics/instances/200/test/instance42_nreq200_nveh4_gamma179.txt,200,0.01,26453.5
/home/chris/Desktop/heuristics/instances/200/test/instance42_nreq200_nveh4_gamma179.txt,200,0.03,19089.9
/home/chris/Desktop/heuristics/instances/200/test/instance42_nreq200_nveh4_gamma179.txt,200,0.05,18073.9
/home/chris/Desktop/heuristics/instances/200/test/instance42_nreq200_nveh4_gamma179.txt,200,0.07,16319.1
/home/chris/Desktop/heuristics/instances/200/test/instance42_nreq200_nveh4_gamma179.txt,200,0.1,14535
/home/chris/Desktop/heuristics/instances/200/test/instance42_nreq200_nveh4_gamma179.txt,200,0.15,13967.6
/home/chris/Desktop/heuristics/instances/200/test/instance42_nreq200_nveh4_gamma179.txt,200,0.2,13938.4
/home/chris/Desktop/heuristics/instances/200/test/instance38_nreq200_nveh4_gamma164.txt,200,0.01,26495
/home/chris/Desktop/heuristics/instances/200/test/instance38_nreq200_nveh4_gamma164.txt,200,0.03,21474
/home/chris/Desktop/heuristics/instances/200/test/instance38_nreq200_nveh4_gamma164.txt,200,0.05,18689
/home/chris/Desktop/heuristics/instances/200/test/instance38_nreq200_nveh4_gamma164.txt,200,0.07,16223
/home/chris/Desktop/heuristics/instances/200/test/instance38_nreq200_nveh4_gamma164.txt,200,0.1,15599.7
/home/chris/Desktop/heuristics/instances/200/test/instance38_nreq200_nveh4_gamma164.txt,200,0.15,14390.9
/home/chris/Desktop/heuristics/instances/200/test/instance38_nreq200_nveh4_gamma164.txt,200,0.2,14172.5
/home/chris/Desktop/heuristics/instances/200/test/instance57_nreq200_nveh4_gamma172.txt,200,0.01,26325
/home/chris/Desktop/heuristics/instances/200/test/instance57_nreq200_nveh4_gamma172.txt,200,0.03,20937.6
/home/chris/Desktop/heuristics/instances/200/test/instance57_nreq200_nveh4_gamma172.txt,200,0.05,17411.5
/home/chris/Desktop/heuristics/instances/200/test/instance57_nreq200_nveh4_gamma172.txt,200,0.07,16723.2
/home/chris/Desktop/heuristics/instances/200/test/instance57_nreq200_nveh4_gamma172.txt,200,0.1,14705.9
/home/chris/Desktop/heuristics/instances/200/test/instance57_nreq200_nveh4_gamma172.txt,200,0.15,14057.9
/home/chris/Desktop/heuristics/instances/200/test/instance57_nreq200_nveh4_gamma172.txt,200,0.2,13604.6
/home/chris/Desktop/heuristics/instances/200/test/instance37_nreq200_nveh4_gamma191.txt,200,0.01,25788.5
/home/chris/Desktop/heuristics/instances/200/test/instance37_nreq200_nveh4_gamma191.txt,200,0.03,21031.1
/home/chris/Desktop/heuristics/instances/200/test/instance37_nreq200_nveh4_gamma191.txt,200,0.05,17297.5
/home/chris/Desktop/heuristics/instances/200/test/instance37_nreq200_nveh4_gamma191.txt,200,0.07,16070.7
/home/chris/Desktop/heuristics/instances/200/test/instance37_nreq200_nveh4_gamma191.txt,200,0.1,14518.1
/home/chris/Desktop/heuristics/instances/200/test/instance37_nreq200_nveh4_gamma191.txt,200,0.15,13426.1
/home/chris/Desktop/heuristics/instances/200/test/instance37_nreq200_nveh4_gamma191.txt,200,0.2,13658
/home/chris/Desktop/heuristics/instances/200/test/instance40_nreq200_nveh4_gamma183.txt,200,0.01,24679.4
/home/chris/Desktop/heuristics/instances/200/test/instance40_nreq200_nveh4_gamma183.txt,200,0.03,20060.7
/home/chris/Desktop/heuristics/instances/200/test/instance40_nreq200_nveh4_gamma183.txt,200,0.05,16941.1
/home/chris/Desktop/heuristics/instances/200/test/instance40_nreq200_nveh4_gamma183.txt,200,0.07,15636.1
/home/chris/Desktop/heuristics/instances/200/test/instance40_nreq200_nveh4_gamma183.txt,200,0.1,14272.7
/home/chris/Desktop/heuristics/instances/200/test/instance40_nreq200_nveh4_gamma183.txt,200,0.15,13796.2
/home/chris/Desktop/heuristics/instances/200/test/instance40_nreq200_nveh4_gamma183.txt,200,0.2,12968.9
/home/chris/Desktop/heuristics/instances/200/test/instance56_nreq200_nveh4_gamma171.txt,200,0.01,26112.4
/home/chris/Desktop/heuristics/instances/200/test/instance56_nreq200_nveh4_gamma171.txt,200,0.03,19818.3
/home/chris/Desktop/heuristics/instances/200/test/instance56_nreq200_nveh4_gamma171.txt,200,0.05,16207.6
/home/chris/Desktop/heuristics/instances/200/test/instance56_nreq200_nveh4_gamma171.txt,200,0.07,14675
/home/chris/Desktop/heuristics/instances/200/test/instance56_nreq200_nveh4_gamma171.txt,200,0.1,13940.6
/home/chris/Desktop/heuristics/instances/200/test/instance56_nreq200_nveh4_gamma171.txt,200,0.15,13353.6
/home/chris/Desktop/heuristics/instances/200/test/instance56_nreq200_nveh4_gamma171.txt,200,0.2,12743.8
/home/chris/Desktop/heuristics/instances/200/test/instance60_nreq200_nveh4_gamma178.txt,200,0.01,27320.3
/home/chris/Desktop/heuristics/instances/200/test/instance60_nreq200_nveh4_gamma178.txt,200,0.03,21139.4
/home/chris/Desktop/heuristics/instances/200/test/instance60_nreq200_nveh4_gamma178.txt,200,0.05,17666.8
/home/chris/Desktop/heuristics/instances/200/test/instance60_nreq200_nveh4_gamma178.txt,200,0.07,15796.9
/home/chris/Desktop/heuristics/instances/200/test/instance60_nreq200_nveh4_gamma178.txt,200,0.1,15246.5
/home/chris/Desktop/heuristics/instances/200/test/instance60_nreq200_nveh4_gamma178.txt,200,0.15,14649.1
/home/chris/Desktop/heuristics/instances/200/test/instance60_nreq200_nveh4_gamma178.txt,200,0.2,14173.3
/home/chris/Desktop/heuristics/instances/200/test/instance59_nreq200_nveh4_gamma170.txt,200,0.01,26756.1
/home/chris/Desktop/heuristics/instances/200/test/instance59_nreq200_nveh4_gamma170.txt,200,0.03,20837.3
/home/chris/Desktop/heuristics/instances/200/test/instance59_nreq200_nveh4_gamma170.txt,200,0.05,18113.6
/home/chris/Desktop/heuristics/instances/200/test/instance59_nreq200_nveh4_gamma170.txt,200,0.07,16486.7
/home/chris/Desktop/heuristics/instances/200/test/instance59_nreq200_nveh4_gamma170.txt,200,0.1,15448.1
/home/chris/Desktop/heuristics/instances/200/test/instance59_nreq200_nveh4_gamma170.txt,200,0.15,14156.6
/home/chris/Desktop/heuristics/instances/200/test/instance59_nreq200_nveh4_gamma170.txt,200,0.2,14044.6
/home/chris/Desktop/heuristics/instances/200/test/instance52_nreq200_nveh4_gamma174.txt,200,0.01,26271.7
/home/chris/Desktop/heuristics/instances/200/test/instance52_nreq200_nveh4_gamma174.txt,200,0.03,19949.2
/home/chris/Desktop/heuristics/instances/200/test/instance52_nreq200_nveh4_gamma174.txt,200,0.05,16897.6
/home/chris/Desktop/heuristics/instances/200/test/instance52_nreq200_nveh4_gamma174.txt,200,0.07,15930.2
/home/chris/Desktop/heuristics/instances/200/test/instance52_nreq200_nveh4_gamma174.txt,200,0.1,14530.8
/home/chris/Desktop/heuristics/instances/200/test/instance52_nreq200_nveh4_gamma174.txt,200,0.15,13769.2
/home/chris/Desktop/heuristics/instances/200/test/instance52_nreq200_nveh4_gamma174.txt,200,0.2,12947.2
/home/chris/Desktop/heuristics/instances/200/test/instance31_nreq200_nveh4_gamma192.txt,200,0.01,26957
/home/chris/Desktop/heuristics/instances/200/test/instance31_nreq200_nveh4_gamma192.txt,200,0.03,21199.4
/home/chris/Desktop/heuristics/instances/200/test/instance31_nreq200_nveh4_gamma192.txt,200,0.05,17811.7
/home/chris/Desktop/heuristics/instances/200/test/instance31_nreq200_nveh4_gamma192.txt,200,0.07,15894.8
/home/chris/Desktop/heuristics/instances/200/test/instance31_nreq200_nveh4_gamma192.txt,200,0.1,15095.1
/home/chris/Desktop/heuristics/instances/200/test/instance31_nreq200_nveh4_gamma192.txt,200,0.15,13602.3
/home/chris/Desktop/heuristics/instances/200/test/instance31_nreq200_nveh4_gamma192.txt,200,0.2,13483.5
/home/chris/Desktop/heuristics/instances/200/test/instance50_nreq200_nveh4_gamma170.txt,200,0.01,27267.6
/home/chris/Desktop/heuristics/instances/200/test/instance50_nreq200_nveh4_gamma170.txt,200,0.03,20919.3
/home/chris/Desktop/heuristics/instances/200/test/instance50_nreq200_nveh4_gamma170.txt,200,0.05,17011.4
/home/chris/Desktop/heuristics/instances/200/test/instance50_nreq200_nveh4_gamma170.txt,200,0.07,15781.4
/home/chris/Desktop/heuristics/instances/200/test/instance50_nreq200_nveh4_gamma170.txt,200,0.1,14852.1
/home/chris/Desktop/heuristics/instances/200/test/instance50_nreq200_nveh4_gamma170.txt,200,0.15,13555.3
/home/chris/Desktop/heuristics/instances/200/test/instance50_nreq200_nveh4_gamma170.txt,200,0.2,13649.3
/home/chris/Desktop/heuristics/instances/200/test/instance44_nreq200_nveh4_gamma183.txt,200,0.01,27072.6
/home/chris/Desktop/heuristics/instances/200/test/instance44_nreq200_nveh4_gamma183.txt,200,0.03,21092
/home/chris/Desktop/heuristics/instances/200/test/instance44_nreq200_nveh4_gamma183.txt,200,0.05,17628.8
/home/chris/Desktop/heuristics/instances/200/test/instance44_nreq200_nveh4_gamma183.txt,200,0.07,15728.6
/home/chris/Desktop/heuristics/instances/200/test/instance44_nreq200_nveh4_gamma183.txt,200,0.1,13846.2
/home/chris/Desktop/heuristics/instances/200/test/instance44_nreq200_nveh4_gamma183.txt,200,0.15,14116.1
/home/chris/Desktop/heuristics/instances/200/test/instance44_nreq200_nveh4_gamma183.txt,200,0.2,13637.6
/home/chris/Desktop/heuristics/instances/200/test/instance43_nreq200_nveh4_gamma167.txt,200,0.01,25857.1
/home/chris/Desktop/heuristics/instances/200/test/instance43_nreq200_nveh4_gamma167.txt,200,0.03,20924.5
/home/chris/Desktop/heuristics/instances/200/test/instance43_nreq200_nveh4_gamma167.txt,200,0.05,17739.3
/home/chris/Desktop/heuristics/instances/200/test/instance43_nreq200_nveh4_gamma167.txt,200,0.07,16329.6
/home/chris/Desktop/heuristics/instances/200/test/instance43_nreq200_nveh4_gamma167.txt,200,0.1,14459.3
/home/chris/Desktop/heuristics/instances/200/test/instance43_nreq200_nveh4_gamma167.txt,200,0.15,13772.1
/home/chris/Desktop/heuristics/instances/200/test/instance43_nreq200_nveh4_gamma167.txt,200,0.2,13586.9
/home/chris/Desktop/heuristics/instances/200/test/instance55_nreq200_nveh4_gamma172.txt,200,0.01,25007.3
/home/chris/Desktop/heuristics/instances/200/test/instance55_nreq200_nveh4_gamma172.txt,200,0.03,20146.9
/home/chris/Desktop/heuristics/instances/200/test/instance55_nreq200_nveh4_gamma172.txt,200,0.05,17082.6
/home/chris/Desktop/heuristics/instances/200/test/instance55_nreq200_nveh4_gamma172.txt,200,0.07,15840.9
/home/chris/Desktop/heuristics/instances/200/test/instance55_nreq200_nveh4_gamma172.txt,200,0.1,14267.5
/home/chris/Desktop/heuristics/instances/200/test/instance55_nreq200_nveh4_gamma172.txt,200,0.15,13422.4
/home/chris/Desktop/heuristics/instances/200/test/instance55_nreq200_nveh4_gamma172.txt,200,0.2,13187.9
/home/chris/Desktop/heuristics/instances/200/test/instance58_nreq200_nveh4_gamma187.txt,200,0.01,27531.9
/home/chris/Desktop/heuristics/instances/200/test/instance58_nreq200_nveh4_gamma187.txt,200,0.03,21227.3
/home/chris/Desktop/heuristics/instances/200/test/instance58_nreq200_nveh4_gamma187.txt,200,0.05,17653.4
/home/chris/Desktop/heuristics/instances/200/test/instance58_nreq200_nveh4_gamma187.txt,200,0.07,16808.6
/home/chris/Desktop/heuristics/instances/200/test/instance58_nreq200_nveh4_gamma187.txt,200,0.1,15079.4
/home/chris/Desktop/heuristics/instances/200/test/instance58_nreq200_nveh4_gamma187.txt,200,0.15,14498.1
/home/chris/Desktop/heuristics/instances/200/test/instance58_nreq200_nveh4_gamma187.txt,200,0.2,13903.9
/home/chris/Desktop/heuristics/instances/500/test/instance37_nreq500_nveh10_gamma472.txt,500,0.01,94803.7
/home/chris/Desktop/heuristics/instances/500/test/instance37_nreq500_nveh10_gamma472.txt,500,0.03,72326.4
/home/chris/Desktop/heuristics/instances/500/test/instance37_nreq500_nveh10_gamma472.txt,500,0.05,60071.5
/home/chris/Desktop/heuristics/instances/500/test/instance37_nreq500_nveh10_gamma472.txt,500,0.07,56215
/home/chris/Desktop/heuristics/instances/500/test/instance37_nreq500_nveh10_gamma472.txt,500,0.1,54667.2
/home/chris/Desktop/heuristics/instances/500/test/instance37_nreq500_nveh10_gamma472.txt,500,0.15,52205.7
/home/chris/Desktop/heuristics/instances/500/test/instance37_nreq500_nveh10_gamma472.txt,500,0.2,52466.1
/home/chris/Desktop/heuristics/instances/500/test/instance44_nreq500_nveh10_gamma470.txt,500,0.01,97215.2
/home/chris/Desktop/heuristics/instances/500/test/instance44_nreq500_nveh10_gamma470.txt,500,0.03,68053.7
/home/chris/Desktop/heuristics/instances/500/test/instance44_nreq500_nveh10_gamma470.txt,500,0.05,58771.2
/home/chris/Desktop/heuristics/instances/500/test/instance44_nreq500_nveh10_gamma470.txt,500,0.07,54843
/home/chris/Desktop/heuristics/instances/500/test/instance44_nreq500_nveh10_gamma470.txt,500,0.1,51739.2
/home/chris/Desktop/heuristics/instances/500/test/instance44_nreq500_nveh10_gamma470.txt,500,0.15,50746
/home/chris/Desktop/heuristics/instances/500/test/instance44_nreq500_nveh10_gamma470.txt,500,0.2,48549.5
/home/chris/Desktop/heuristics/instances/500/test/instance39_nreq500_nveh10_gamma440.txt,500,0.01,98193.2
/home/chris/Desktop/heuristics/instances/500/test/instance39_nreq500_nveh10_gamma440.txt,500,0.03,66977.3
/home/chris/Desktop/heuristics/instances/500/test/instance39_nreq500_nveh10_gamma440.txt,500,0.05,60473.8
/home/chris/Desktop/heuristics/instances/500/test/instance39_nreq500_nveh10_gamma440.txt,500,0.07,54436.3
/home/chris/Desktop/heuristics/instances/500/test/instance39_nreq500_nveh10_gamma440.txt,500,0.1,53307.9
/home/chris/Desktop/heuristics/instances/500/test/instance39_nreq500_nveh10_gamma440.txt,500,0.15,51696.4
/home/chris/Desktop/heuristics/instances/500/test/instance39_nreq500_nveh10_gamma440.txt,500,0.2,49427.5
/home/chris/Desktop/heuristics/instances/500/test/instance46_nreq500_nveh10_gamma436.txt,500,0.01,96855
/home/chris/Desktop/heuristics/instances/500/test/instance46_nreq500_nveh10_gamma436.txt,500,0.03,72347.9
/home/chris/Desktop/heuristics/instances/500/test/instance46_nreq500_nveh10_gamma436.txt,500,0.05,61580.8
/home/chris/Desktop/heuristics/instances/500/test/instance46_nreq500_nveh10_gamma436.txt,500,0.07,57329.8
/home/chris/Desktop/heuristics/instances/500/test/instance46_nreq500_nveh10_gamma436.txt,500,0.1,54160.7
/home/chris/Desktop/heuristics/instances/500/test/instance46_nreq500_nveh10_gamma436.txt,500,0.15,52255.4
/home/chris/Desktop/heuristics/instances/500/test/instance46_nreq500_nveh10_gamma436.txt,500,0.2,52832.7
/home/chris/Desktop/heuristics/instances/500/test/instance34_nreq500_nveh10_gamma458.txt,500,0.01,98581.4
/home/chris/Desktop/heuristics/instances/500/test/instance34_nreq500_nveh10_gamma458.txt,500,0.03,70420.7
/home/chris/Desktop/heuristics/instances/500/test/instance34_nreq500_nveh10_gamma458.txt,500,0.05,60718
/home/chris/Desktop/heuristics/instances/500/test/instance34_nreq500_nveh10_gamma458.txt,500,0.07,56510.5
/home/chris/Desktop/heuristics/instances/500/test/instance34_nreq500_nveh10_gamma458.txt,500,0.1,54069.5
/home/chris/Desktop/heuristics/instances/500/test/instance34_nreq500_nveh10_gamma458.txt,500,0.15,50903.4
/home/chris/Desktop/heuristics/instances/500/test/instance34_nreq500_nveh10_gamma458.txt,500,0.2,50945.5
/home/chris/Desktop/heuristics/instances/500/test/instance32_nreq500_nveh10_gamma448.txt,500,0.01,97018.3
/home/chris/Desktop/heuristics/instances/500/test/instance32_nreq500_nveh10_gamma448.txt,500,0.03,71289.1
/home/chris/Desktop/heuristics/instances/500/test/instance32_nreq500_nveh10_gamma448.txt,500,0.05,61950.5
/home/chris/Desktop/heuristics/instances/500/test/instance32_nreq500_nveh10_gamma448.txt,500,0.07,57762.4
/home/chris/Desktop/heuristics/instances/500/test/instance32_nreq500_nveh10_gamma448.txt,500,0.1,53386.8
/home/chris/Desktop/heuristics/instances/500/test/instance32_nreq500_nveh10_gamma448.txt,500,0.15,52052.1
/home/chris/Desktop/heuristics/instances/500/test/instance32_nreq500_nveh10_gamma448.txt,500,0.2,50438.8
/home/chris/Desktop/heuristics/instances/500/test/instance48_nreq500_nveh10_gamma433.txt,500,0.01,96915.4
/home/chris/Desktop/heuristics/instances/500/test/instance48_nreq500_nveh10_gamma433.txt,500,0.03,73602.6
/home/chris/Desktop/heuristics/instances/500/test/instance48_nreq500_nveh10_gamma433.txt,500,0.05,62642.9
/home/chris/Desktop/heuristics/instances/500/test/instance48_nreq500_nveh10_gamma433.txt,500,0.07,57676.6
/home/chris/Desktop/heuristics/instances/500/test/instance48_nreq500_nveh10_gamma433.txt,500,0.1,56406.5
/home/chris/Desktop/heuristics/instances/500/test/instance48_nreq500_nveh10_gamma433.txt,500,0.15,53034
/home/chris/Desktop/heuristics/instances/500/test/instance48_nreq500_nveh10_gamma433.txt,500,0.2,52522.8
/home/chris/Desktop/heuristics/instances/500/test/instance42_nreq500_nveh10_gamma453.txt,500,0.01,100577
/home/chris/Desktop/heuristics/instances/500/test/instance42_nreq500_nveh10_gamma453.txt,500,0.03,71985
/home/chris/Desktop/heuristics/instances/500/test/instance42_nreq500_nveh10_gamma453.txt,500,0.05,61780.3
/home/chris/Desktop/heuristics/instances/500/test/instance42_nreq500_nveh10_gamma453.txt,500,0.07,57539.2
/home/chris/Desktop/heuristics/instances/500/test/instance42_nreq500_nveh10_gamma453.txt,500,0.1,56128.2
/home/chris/Desktop/heuristics/instances/500/test/instance42_nreq500_nveh10_gamma453.txt,500,0.15,55200.1
/home/chris/Desktop/heuristics/instances/500/test/instance42_nreq500_nveh10_gamma453.txt,500,0.2,52888.7
/home/chris/Desktop/heuristics/instances/500/test/instance43_nreq500_nveh10_gamma457.txt,500,0.01,97386.4
/home/chris/Desktop/heuristics/instances/500/test/instance43_nreq500_nveh10_gamma457.txt,500,0.03,69726.6
/home/chris/Desktop/heuristics/instances/500/test/instance43_nreq500_nveh10_gamma457.txt,500,0.05,60594.8
/home/chris/Desktop/heuristics/instances/500/test/instance43_nreq500_nveh10_gamma457.txt,500,0.07,55742.3
/home/chris/Desktop/heuristics/instances/500/test/instance43_nreq500_nveh10_gamma457.txt,500,0.1,53616.9
/home/chris/Desktop/heuristics/instances/500/test/instance43_nreq500_nveh10_gamma457.txt,500,0.15,50645.6
/home/chris/Desktop/heuristics/instances/500/test/instance43_nreq500_nveh10_gamma457.txt,500,0.2,50700.5
/home/chris/Desktop/heuristics/instances/500/test/instance45_nreq500_nveh10_gamma480.txt,500,0.01,97309.5
/home/chris/Desktop/heuristics/instances/500/test/instance45_nreq500_nveh10_gamma480.txt,500,0.03,70564.1
/home/chris/Desktop/heuristics/instances/500/test/instance45_nreq500_nveh10_gamma480.txt,500,0.05,62188.2
/home/chris/Desktop/heuristics/instances/500/test/instance45_nreq500_nveh10_gamma480.txt,500,0.07,57273.3
/home/chris/Desktop/heuristics/instances/500/test/instance45_nreq500_nveh10_gamma480.txt,500,0.1,54826.3
/home/chris/Desktop/heuristics/instances/500/test/instance45_nreq500_nveh10_gamma480.txt,500,0.15,54698.7
/home/chris/Desktop/heuristics/instances/500/test/instance45_nreq500_nveh10_gamma480.txt,500,0.2,52728.2
/home/chris/Desktop/heuristics/instances/500/test/instance55_nreq500_nveh10_gamma439.txt,500,0.01,98351.6
/home/chris/Desktop/heuristics/instances/500/test/instance55_nreq500_nveh10_gamma439.txt,500,0.03,74731.8
/home/chris/Desktop/heuristics/instances/500/test/instance55_nreq500_nveh10_gamma439.txt,500,0.05,62393
/home/chris/Desktop/heuristics/instances/500/test/instance55_nreq500_nveh10_gamma439.txt,500,0.07,58877.3
/home/chris/Desktop/heuristics/instances/500/test/instance55_nreq500_nveh10_gamma439.txt,500,0.1,56222.9
/home/chris/Desktop/heuristics/instances/500/test/instance55_nreq500_nveh10_gamma439.txt,500,0.15,53897.6
/home/chris/Desktop/heuristics/instances/500/test/instance55_nreq500_nveh10_gamma439.txt,500,0.2,52964.1
/home/chris/Desktop/heuristics/instances/500/test/instance36_nreq500_nveh10_gamma472.txt,500,0.01,98905.7
/home/chris/Desktop/heuristics/instances/500/test/instance36_nreq500_nveh10_gamma472.txt,500,0.03,70154.8
/home/chris/Desktop/heuristics/instances/500/test/instance36_nreq500_nveh10_gamma472.txt,500,0.05,60566.2
/home/chris/Desktop/heuristics/instances/500/test/instance36_nreq500_nveh10_gamma472.txt,500,0.07,56506.9
/home/chris/Desktop/heuristics/instances/500/test/instance36_nreq500_nveh10_gamma472.txt,500,0.1,54126.6
/home/chris/Desktop/heuristics/instances/500/test/instance36_nreq500_nveh10_gamma472.txt,500,0.15,51602.2
/home/chris/Desktop/heuristics/instances/500/test/instance36_nreq500_nveh10_gamma472.txt,500,0.2,50120.8
/home/chris/Desktop/heuristics/instances/500/test/instance58_nreq500_nveh10_gamma452.txt,500,0.01,97817.3
/home/chris/Desktop/heuristics/instances/500/test/instance58_nreq500_nveh10_gamma452.txt,500,0.03,70102.8
/home/chris/Desktop/heuristics/instances/500/test/instance58_nreq500_nveh10_gamma452.txt,500,0.05,60300.3
/home/chris/Desktop/heuristics/instances/500/test/instance58_nreq500_nveh10_gamma452.txt,500,0.07,57637.8
/home/chris/Desktop/heuristics/instances/500/test/instance58_nreq500_nveh10_gamma452.txt,500,0.1,55623.9
/home/chris/Desktop/heuristics/instances/500/test/instance58_nreq500_nveh10_gamma452.txt,500,0.15,52389.8
/home/chris/Desktop/heuristics/instances/500/test/instance58_nreq500_nveh10_gamma452.txt,500,0.2,52791.8
/home/chris/Desktop/heuristics/instances/500/test/instance51_nreq500_nveh10_gamma474.txt,500,0.01,95360
/home/chris/Desktop/heuristics/instances/500/test/instance51_nreq500_nveh10_gamma474.txt,500,0.03,70590
/home/chris/Desktop/heuristics/instances/500/test/instance51_nreq500_nveh10_gamma474.txt,500,0.05,60745.3
/home/chris/Desktop/heuristics/instances/500/test/instance51_nreq500_nveh10_gamma474.txt,500,0.07,55510.2
/home/chris/Desktop/heuristics/instances/500/test/instance51_nreq500_nveh10_gamma474.txt,500,0.1,52737.2
/home/chris/Desktop/heuristics/instances/500/test/instance51_nreq500_nveh10_gamma474.txt,500,0.15,50438.3
/home/chris/Desktop/heuristics/instances/500/test/instance51_nreq500_nveh10_gamma474.txt,500,0.2,49873
/home/chris/Desktop/heuristics/instances/500/test/instance50_nreq500_nveh10_gamma456.txt,500,0.01,96775.4
/home/chris/Desktop/heuristics/instances/500/test/instance50_nreq500_nveh10_gamma456.txt,500,0.03,70951.5
/home/chris/Desktop/heuristics/instances/500/test/instance50_nreq500_nveh10_gamma456.txt,500,0.05,61820.5
/home/chris/Desktop/heuristics/instances/500/test/instance50_nreq500_nveh10_gamma456.txt,500,0.07,55813.8
/home/chris/Desktop/heuristics/instances/500/test/instance50_nreq500_nveh10_gamma456.txt,500,0.1,51832.8
/home/chris/Desktop/heuristics/instances/500/test/instance50_nreq500_nveh10_gamma456.txt,500,0.15,50998.7
/home/chris/Desktop/heuristics/instances/500/test/instance50_nreq500_nveh10_gamma456.txt,500,0.2,50370.3
/home/chris/Desktop/heuristics/instances/500/test/instance59_nreq500_nveh10_gamma448.txt,500,0.01,98693.1
/home/chris/Desktop/heuristics/instances/500/test/instance59_nreq500_nveh10_gamma448.txt,500,0.03,71975.9
/home/chris/Desktop/heuristics/instances/500/test/instance59_nreq500_nveh10_gamma448.txt,500,0.05,61458.4
/home/chris/Desktop/heuristics/instances/500/test/instance59_nreq500_nveh10_gamma448.txt,500,0.07,57124.4
/home/chris/Desktop/heuristics/instances/500/test/instance59_nreq500_nveh10_gamma448.txt,500,0.1,52827.5
/home/chris/Desktop/heuristics/instances/500/test/instance59_nreq500_nveh10_gamma448.txt,500,0.15,51397.4
/home/chris/Desktop/heuristics/instances/500/test/instance59_nreq500_nveh10_gamma448.txt,500,0.2,51838.8
/home/chris/Desktop/heuristics/instances/500/test/instance49_nreq500_nveh10_gamma446.txt,500,0.01,94821.6
/home/chris/Desktop/heuristics/instances/500/test/instance49_nreq500_nveh10_gamma446.txt,500,0.03,70398.4
/home/chris/Desktop/heuristics/instances/500/test/instance49_nreq500_nveh10_gamma446.txt,500,0.05,59790.4
/home/chris/Desktop/heuristics/instances/500/test/instance49_nreq500_nveh10_gamma446.txt,500,0.07,55599.1
/home/chris/Desktop/heuristics/instances/500/test/instance49_nreq500_nveh10_gamma446.txt,500,0.1,52174.6
/home/chris/Desktop/heuristics/instances/500/test/instance49_nreq500_nveh10_gamma446.txt,500,0.15,51594.9
/home/chris/Desktop/heuristics/instances/500/test/instance49_nreq500_nveh10_gamma446.txt,500,0.2,50871.9
/home/chris/Desktop/heuristics/instances/500/test/instance57_nreq500_nveh10_gamma437.txt,500,0.01,97119
/home/chris/Desktop/heuristics/instances/500/test/instance57_nreq500_nveh10_gamma437.txt,500,0.03,69166.3
/home/chris/Desktop/heuristics/instances/500/test/instance57_nreq500_nveh10_gamma437.txt,500,0.05,60666.1
/home/chris/Desktop/heuristics/instances/500/test/instance57_nreq500_nveh10_gamma437.txt,500,0.07,55711.1
/home/chris/Desktop/heuristics/instances/500/test/instance57_nreq500_nveh10_gamma437.txt,500,0.1,53420.5
/home/chris/Desktop/heuristics/instances/500/test/instance57_nreq500_nveh10_gamma437.txt,500,0.15,50765.4
/home/chris/Desktop/heuristics/instances/500/test/instance57_nreq500_nveh10_gamma437.txt,500,0.2,51236.8
/home/chris/Desktop/heuristics/instances/500/test/instance33_nreq500_nveh10_gamma459.txt,500,0.01,95946.9
/home/chris/Desktop/heuristics/instances/500/test/instance33_nreq500_nveh10_gamma459.txt,500,0.03,68581.7
/home/chris/Desktop/heuristics/instances/500/test/instance33_nreq500_nveh10_gamma459.txt,500,0.05,59544.6
/home/chris/Desktop/heuristics/instances/500/test/instance33_nreq500_nveh10_gamma459.txt,500,0.07,54476.2
/home/chris/Desktop/heuristics/instances/500/test/instance33_nreq500_nveh10_gamma459.txt,500,0.1,53391.6
/home/chris/Desktop/heuristics/instances/500/test/instance33_nreq500_nveh10_gamma459.txt,500,0.15,50572
/home/chris/Desktop/heuristics/instances/500/test/instance33_nreq500_nveh10_gamma459.txt,500,0.2,49647.7
/home/chris/Desktop/heuristics/instances/500/test/instance56_nreq500_nveh10_gamma439.txt,500,0.01,100467
/home/chris/Desktop/heuristics/instances/500/test/instance56_nreq500_nveh10_gamma439.txt,500,0.03,70000.2
/home/chris/Desktop/heuristics/instances/500/test/instance56_nreq500_nveh10_gamma439.txt,500,0.05,61933.3
/home/chris/Desktop/heuristics/instances/500/test/instance56_nreq500_nveh10_gamma439.txt,500,0.07,58335.9
/home/chris/Desktop/heuristics/instances/500/test/instance56_nreq500_nveh10_gamma439.txt,500,0.1,56284.8
/home/chris/Desktop/heuristics/instances/500/test/instance56_nreq500_nveh10_gamma439.txt,500,0.15,53866.8
/home/chris/Desktop/heuristics/instances/500/test/instance56_nreq500_nveh10_gamma439.txt,500,0.2,53695.7
/home/chris/Desktop/heuristics/instances/500/test/instance40_nreq500_nveh10_gamma441.txt,500,0.01,95425.6
/home/chris/Desktop/heuristics/instances/500/test/instance40_nreq500_nveh10_gamma441.txt,500,0.03,69263.3
/home/chris/Desktop/heuristics/instances/500/test/instance40_nreq500_nveh10_gamma441.txt,500,0.05,58576.9
/home/chris/Desktop/heuristics/instances/500/test/instance40_nreq500_nveh10_gamma441.txt,500,0.07,54673.9
/home/chris/Desktop/heuristics/instances/500/test/instance40_nreq500_nveh10_gamma441.txt,500,0.1,52378.6
/home/chris/Desktop/heuristics/instances/500/test/instance40_nreq500_nveh10_gamma441.txt,500,0.15,49839.7
/home/chris/Desktop/heuristics/instances/500/test/instance40_nreq500_nveh10_gamma441.txt,500,0.2,49608.6
/home/chris/Desktop/heuristics/instances/500/test/instance53_nreq500_nveh10_gamma442.txt,500,0.01,101899
/home/chris/Desktop/heuristics/instances/500/test/instance53_nreq500_nveh10_gamma442.txt,500,0.03,70957
/home/chris/Desktop/heuristics/instances/500/test/instance53_nreq500_nveh10_gamma442.txt,500,0.05,62636.5
/home/chris/Desktop/heuristics/instances/500/test/instance53_nreq500_nveh10_gamma442.txt,500,0.07,60154.7
/home/chris/Desktop/heuristics/instances/500/test/instance53_nreq500_nveh10_gamma442.txt,500,0.1,53750.5
/home/chris/Desktop/heuristics/instances/500/test/instance53_nreq500_nveh10_gamma442.txt,500,0.15,53733.4
/home/chris/Desktop/heuristics/instances/500/test/instance53_nreq500_nveh10_gamma442.txt,500,0.2,54850.6
/home/chris/Desktop/heuristics/instances/500/test/instance52_nreq500_nveh10_gamma461.txt,500,0.01,99036
/home/chris/Desktop/heuristics/instances/500/test/instance52_nreq500_nveh10_gamma461.txt,500,0.03,69663.6
/home/chris/Desktop/heuristics/instances/500/test/instance52_nreq500_nveh10_gamma461.txt,500,0.05,61971.5
/home/chris/Desktop/heuristics/instances/500/test/instance52_nreq500_nveh10_gamma461.txt,500,0.07,56682
/home/chris/Desktop/heuristics/instances/500/test/instance52_nreq500_nveh10_gamma461.txt,500,0.1,51883.2
/home/chris/Desktop/heuristics/instances/500/test/instance52_nreq500_nveh10_gamma461.txt,500,0.15,51575.4
/home/chris/Desktop/heuristics/instances/500/test/instance52_nreq500_nveh10_gamma461.txt,500,0.2,51628.3
/home/chris/Desktop/heuristics/instances/500/test/instance41_nreq500_nveh10_gamma470.txt,500,0.01,96362.5
/home/chris/Desktop/heuristics/instances/500/test/instance41_nreq500_nveh10_gamma470.txt,500,0.03,69662.2
/home/chris/Desktop/heuristics/instances/500/test/instance41_nreq500_nveh10_gamma470.txt,500,0.05,59303.9
/home/chris/Desktop/heuristics/instances/500/test/instance41_nreq500_nveh10_gamma470.txt,500,0.07,54377
/home/chris/Desktop/heuristics/instances/500/test/instance41_nreq500_nveh10_gamma470.txt,500,0.1,51763.2
/home/chris/Desktop/heuristics/instances/500/test/instance41_nreq500_nveh10_gamma470.txt,500,0.15,47940.4
/home/chris/Desktop/heuristics/instances/500/test/instance41_nreq500_nveh10_gamma470.txt,500,0.2,48329.2
/home/chris/Desktop/heuristics/instances/500/test/instance38_nreq500_nveh10_gamma432.txt,500,0.01,101048
/home/chris/Desktop/heuristics/instances/500/test/instance38_nreq500_nveh10_gamma432.txt,500,0.03,71881.4
/home/chris/Desktop/heuristics/instances/500/test/instance38_nreq500_nveh10_gamma432.txt,500,0.05,62466.2
/home/chris/Desktop/heuristics/instances/500/test/instance38_nreq500_nveh10_gamma432.txt,500,0.07,58088.6
/home/chris/Desktop/heuristics/instances/500/test/instance38_nreq500_nveh10_gamma432.txt,500,0.1,56225.6
/home/chris/Desktop/heuristics/instances/500/test/instance38_nreq500_nveh10_gamma432.txt,500,0.15,54390.3
/home/chris/Desktop/heuristics/instances/500/test/instance38_nreq500_nveh10_gamma432.txt,500,0.2,52371.1
/home/chris/Desktop/heuristics/instances/500/test/instance47_nreq500_nveh10_gamma462.txt,500,0.01,95880.8
/home/chris/Desktop/heuristics/instances/500/test/instance47_nreq500_nveh10_gamma462.txt,500,0.03,70028.5
/home/chris/Desktop/heuristics/instances/500/test/instance47_nreq500_nveh10_gamma462.txt,500,0.05,59655.8
/home/chris/Desktop/heuristics/instances/500/test/instance47_nreq500_nveh10_gamma462.txt,500,0.07,56387.6
/home/chris/Desktop/heuristics/instances/500/test/instance47_nreq500_nveh10_gamma462.txt,500,0.1,54149.4
/home/chris/Desktop/heuristics/instances/500/test/instance47_nreq500_nveh10_gamma462.txt,500,0.15,51268.5
/home/chris/Desktop/heuristics/instances/500/test/instance47_nreq500_nveh10_gamma462.txt,500,0.2,51673.6
/home/chris/Desktop/heuristics/instances/500/test/instance60_nreq500_nveh10_gamma448.txt,500,0.01,95296
/home/chris/Desktop/heuristics/instances/500/test/instance60_nreq500_nveh10_gamma448.txt,500,0.03,71116.5
/home/chris/Desktop/heuristics/instances/500/test/instance60_nreq500_nveh10_gamma448.txt,500,0.05,59222
/home/chris/Desktop/heuristics/instances/500/test/instance60_nreq500_nveh10_gamma448.txt,500,0.07,56680.7
/home/chris/Desktop/heuristics/instances/500/test/instance60_nreq500_nveh10_gamma448.txt,500,0.1,52695.4
/home/chris/Desktop/heuristics/instances/500/test/instance60_nreq500_nveh10_gamma448.txt,500,0.15,50418.9
/home/chris/Desktop/heuristics/instances/500/test/instance60_nreq500_nveh10_gamma448.txt,500,0.2,50879.7
/home/chris/Desktop/heuristics/instances/500/test/instance54_nreq500_nveh10_gamma444.txt,500,0.01,96123.9
/home/chris/Desktop/heuristics/instances/500/test/instance54_nreq500_nveh10_gamma444.txt,500,0.03,70880.1
/home/chris/Desktop/heuristics/instances/500/test/instance54_nreq500_nveh10_gamma444.txt,500,0.05,61960.7
/home/chris/Desktop/heuristics/instances/500/test/instance54_nreq500_nveh10_gamma444.txt,500,0.07,58673.8
/home/chris/Desktop/heuristics/instances/500/test/instance54_nreq500_nveh10_gamma444.txt,500,0.1,53382.1
/home/chris/Desktop/heuristics/instances/500/test/instance54_nreq500_nveh10_gamma444.txt,500,0.15,53299.4
/home/chris/Desktop/heuristics/instances/500/test/instance54_nreq500_nveh10_gamma444.txt,500,0.2,53181.3
/home/chris/Desktop/heuristics/instances/500/test/instance31_nreq500_nveh10_gamma465.txt,500,0.01,97379.2
/home/chris/Desktop/heuristics/instances/500/test/instance31_nreq500_nveh10_gamma465.txt,500,0.03,70731.1
/home/chris/Desktop/heuristics/instances/500/test/instance31_nreq500_nveh10_gamma465.txt,500,0.05,59453.7
/home/chris/Desktop/heuristics/instances/500/test/instance31_nreq500_nveh10_gamma465.txt,500,0.07,59199.2
/home/chris/Desktop/heuristics/instances/500/test/instance31_nreq500_nveh10_gamma465.txt,500,0.1,54632.6
/home/chris/Desktop/heuristics/instances/500/test/instance31_nreq500_nveh10_gamma465.txt,500,0.15,52303.9
/home/chris/Desktop/heuristics/instances/500/test/instance31_nreq500_nveh10_gamma465.txt,500,0.2,52312.6
/home/chris/Desktop/heuristics/instances/500/test/instance35_nreq500_nveh10_gamma472.txt,500,0.01,94589
/home/chris/Desktop/heuristics/instances/500/test/instance35_nreq500_nveh10_gamma472.txt,500,0.03,67542.4
/home/chris/Desktop/heuristics/instances/500/test/instance35_nreq500_nveh10_gamma472.txt,500,0.05,58188.8
/home/chris/Desktop/heuristics/instances/500/test/instance35_nreq500_nveh10_gamma472.txt,500,0.07,55673.1
/home/chris/Desktop/heuristics/instances/500/test/instance35_nreq500_nveh10_gamma472.txt,500,0.1,52210.3
/home/chris/Desktop/heuristics/instances/500/test/instance35_nreq500_nveh10_gamma472.txt,500,0.15,50667.8
/home/chris/Desktop/heuristics/instances/500/test/instance35_nreq500_nveh10_gamma472.txt,500,0.2,50481.8
/home/chris/Desktop/heuristics/instances/1000/test/instance34_nreq1000_nveh20_gamma910.txt,1000,0.01,251028
/home/chris/Desktop/heuristics/instances/1000/test/instance34_nreq1000_nveh20_gamma910.txt,1000,0.03,179341
/home/chris/Desktop/heuristics/instances/1000/test/instance34_nreq1000_nveh20_gamma910.txt,1000,0.05,156630
/home/chris/Desktop/heuristics/instances/1000/test/instance34_nreq1000_nveh20_gamma910.txt,1000,0.07,150325
/home/chris/Desktop/heuristics/instances/1000/test/instance34_nreq1000_nveh20_gamma910.txt,1000,0.1,147538
/home/chris/Desktop/heuristics/instances/1000/test/instance34_nreq1000_nveh20_gamma910.txt,1000,0.15,144113
/home/chris/Desktop/heuristics/instances/1000/test/instance34_nreq1000_nveh20_gamma910.txt,1000,0.2,140897
/home/chris/Desktop/heuristics/instances/1000/test/instance52_nreq1000_nveh20_gamma873.txt,1000,0.01,247821
/home/chris/Desktop/heuristics/instances/1000/test/instance52_nreq1000_nveh20_gamma873.txt,1000,0.03,179187
/home/chris/Desktop/heuristics/instances/1000/test/instance52_nreq1000_nveh20_gamma873.txt,1000,0.05,157620
/home/chris/Desktop/heuristics/instances/1000/test/instance52_nreq1000_nveh20_gamma873.txt,1000,0.07,155966
/home/chris/Desktop/heuristics/instances/1000/test/instance52_nreq1000_nveh20_gamma873.txt,1000,0.1,145059
/home/chris/Desktop/heuristics/instances/1000/test/instance52_nreq1000_nveh20_gamma873.txt,1000,0.15,143586
/home/chris/Desktop/heuristics/instances/1000/test/instance52_nreq1000_nveh20_gamma873.txt,1000,0.2,143169
/home/chris/Desktop/heuristics/instances/1000/test/instance49_nreq1000_nveh20_gamma847.txt,1000,0.01,254493
/home/chris/Desktop/heuristics/instances/1000/test/instance49_nreq1000_nveh20_gamma847.txt,1000,0.03,183733
/home/chris/Desktop/heuristics/instances/1000/test/instance49_nreq1000_nveh20_gamma847.txt,1000,0.05,161055
/home/chris/Desktop/heuristics/instances/1000/test/instance49_nreq1000_nveh20_gamma847.txt,1000,0.07,156435
/home/chris/Desktop/heuristics/instances/1000/test/instance49_nreq1000_nveh20_gamma847.txt,1000,0.1,144920
/home/chris/Desktop/heuristics/instances/1000/test/instance49_nreq1000_nveh20_gamma847.txt,1000,0.15,148004
/home/chris/Desktop/heuristics/instances/1000/test/instance49_nreq1000_nveh20_gamma847.txt,1000,0.2,144413
/home/chris/Desktop/heuristics/instances/1000/test/instance60_nreq1000_nveh20_gamma851.txt,1000,0.01,257814
/home/chris/Desktop/heuristics/instances/1000/test/instance60_nreq1000_nveh20_gamma851.txt,1000,0.03,179596
/home/chris/Desktop/heuristics/instances/1000/test/instance60_nreq1000_nveh20_gamma851.txt,1000,0.05,156535
/home/chris/Desktop/heuristics/instances/1000/test/instance60_nreq1000_nveh20_gamma851.txt,1000,0.07,150537
/home/chris/Desktop/heuristics/instances/1000/test/instance60_nreq1000_nveh20_gamma851.txt,1000,0.1,148053
/home/chris/Desktop/heuristics/instances/1000/test/instance60_nreq1000_nveh20_gamma851.txt,1000,0.15,144394
/home/chris/Desktop/heuristics/instances/1000/test/instance60_nreq1000_nveh20_gamma851.txt,1000,0.2,143891
/home/chris/Desktop/heuristics/instances/1000/test/instance41_nreq1000_nveh20_gamma861.txt,1000,0.01,243532
/home/chris/Desktop/heuristics/instances/1000/test/instance41_nreq1000_nveh20_gamma861.txt,1000,0.03,174465
/home/chris/Desktop/heuristics/instances/1000/test/instance41_nreq1000_nveh20_gamma861.txt,1000,0.05,155047
/home/chris/Desktop/heuristics/instances/1000/test/instance41_nreq1000_nveh20_gamma861.txt,1000,0.07,145081
/home/chris/Desktop/heuristics/instances/1000/test/instance41_nreq1000_nveh20_gamma861.txt,1000,0.1,143554
/home/chris/Desktop/heuristics/instances/1000/test/instance41_nreq1000_nveh20_gamma861.txt,1000,0.15,139520
/home/chris/Desktop/heuristics/instances/1000/test/instance41_nreq1000_nveh20_gamma861.txt,1000,0.2,136191
/home/chris/Desktop/heuristics/instances/1000/test/instance38_nreq1000_nveh20_gamma879.txt,1000,0.01,250863
/home/chris/Desktop/heuristics/instances/1000/test/instance38_nreq1000_nveh20_gamma879.txt,1000,0.03,175350
/home/chris/Desktop/heuristics/instances/1000/test/instance38_nreq1000_nveh20_gamma879.txt,1000,0.05,155905
/home/chris/Desktop/heuristics/instances/1000/test/instance38_nreq1000_nveh20_gamma879.txt,1000,0.07,150246
/home/chris/Desktop/heuristics/instances/1000/test/instance38_nreq1000_nveh20_gamma879.txt,1000,0.1,144933
/home/chris/Desktop/heuristics/instances/1000/test/instance38_nreq1000_nveh20_gamma879.txt,1000,0.15,143445
/home/chris/Desktop/heuristics/instances/1000/test/instance38_nreq1000_nveh20_gamma879.txt,1000,0.2,141001
/home/chris/Desktop/heuristics/instances/1000/test/instance40_nreq1000_nveh20_gamma908.txt,1000,0.01,254900
/home/chris/Desktop/heuristics/instances/1000/test/instance40_nreq1000_nveh20_gamma908.txt,1000,0.03,179151
/home/chris/Desktop/heuristics/instances/1000/test/instance40_nreq1000_nveh20_gamma908.txt,1000,0.05,159937
/home/chris/Desktop/heuristics/instances/1000/test/instance40_nreq1000_nveh20_gamma908.txt,1000,0.07,151611
/home/chris/Desktop/heuristics/instances/1000/test/instance40_nreq1000_nveh20_gamma908.txt,1000,0.1,143579
/home/chris/Desktop/heuristics/instances/1000/test/instance40_nreq1000_nveh20_gamma908.txt,1000,0.15,144011
/home/chris/Desktop/heuristics/instances/1000/test/instance40_nreq1000_nveh20_gamma908.txt,1000,0.2,143892
/home/chris/Desktop/heuristics/instances/1000/test/instance42_nreq1000_nveh20_gamma908.txt,1000,0.01,256093
/home/chris/Desktop/heuristics/instances/1000/test/instance42_nreq1000_nveh20_gamma908.txt,1000,0.03,181242
/home/chris/Desktop/heuristics/instances/1000/test/instance42_nreq1000_nveh20_gamma908.txt,1000,0.05,164547
/home/chris/Desktop/heuristics/instances/1000/test/instance42_nreq1000_nveh20_gamma908.txt,1000,0.07,154769
/home/chris/Desktop/heuristics/instances/1000/test/instance42_nreq1000_nveh20_gamma908.txt,1000,0.1,149991
/home/chris/Desktop/heuristics/instances/1000/test/instance42_nreq1000_nveh20_gamma908.txt,1000,0.15,146707
/home/chris/Desktop/heuristics/instances/1000/test/instance42_nreq1000_nveh20_gamma908.txt,1000,0.2,147394
/home/chris/Desktop/heuristics/instances/1000/test/instance56_nreq1000_nveh20_gamma867.txt,1000,0.01,258481
/home/chris/Desktop/heuristics/instances/1000/test/instance56_nreq1000_nveh20_gamma867.txt,1000,0.03,179213
/home/chris/Desktop/heuristics/instances/1000/test/instance56_nreq1000_nveh20_gamma867.txt,1000,0.05,161431
/home/chris/Desktop/heuristics/instances/1000/test/instance56_nreq1000_nveh20_gamma867.txt,1000,0.07,149727
/home/chris/Desktop/heuristics/instances/1000/test/instance56_nreq1000_nveh20_gamma867.txt,1000,0.1,147785
/home/chris/Desktop/heuristics/instances/1000/test/instance56_nreq1000_nveh20_gamma867.txt,1000,0.15,148070
/home/chris/Desktop/heuristics/instances/1000/test/instance56_nreq1000_nveh20_gamma867.txt,1000,0.2,144965
/home/chris/Desktop/heuristics/instances/1000/test/instance33_nreq1000_nveh20_gamma941.txt,1000,0.01,253575
/home/chris/Desktop/heuristics/instances/1000/test/instance33_nreq1000_nveh20_gamma941.txt,1000,0.03,176424
/home/chris/Desktop/heuristics/instances/1000/test/instance33_nreq1000_nveh20_gamma941.txt,1000,0.05,156623
/home/chris/Desktop/heuristics/instances/1000/test/instance33_nreq1000_nveh20_gamma941.txt,1000,0.07,149329
/home/chris/Desktop/heuristics/instances/1000/test/instance33_nreq1000_nveh20_gamma941.txt,1000,0.1,142816
/home/chris/Desktop/heuristics/instances/1000/test/instance33_nreq1000_nveh20_gamma941.txt,1000,0.15,141603
/home/chris/Desktop/heuristics/instances/1000/test/instance33_nreq1000_nveh20_gamma941.txt,1000,0.2,139796
/home/chris/Desktop/heuristics/instances/1000/test/instance53_nreq1000_nveh20_gamma870.txt,1000,0.01,248931
/home/chris/Desktop/heuristics/instances/1000/test/instance53_nreq1000_nveh20_gamma870.txt,1000,0.03,176319
/home/chris/Desktop/heuristics/instances/1000/test/instance53_nreq1000_nveh20_gamma870.txt,1000,0.05,158243
/home/chris/Desktop/heuristics/instances/1000/test/instance53_nreq1000_nveh20_gamma870.txt,1000,0.07,150393
/home/chris/Desktop/heuristics/instances/1000/test/instance53_nreq1000_nveh20_gamma870.txt,1000,0.1,146757
/home/chris/Desktop/heuristics/instances/1000/test/instance53_nreq1000_nveh20_gamma870.txt,1000,0.15,141851
/home/chris/Desktop/heuristics/instances/1000/test/instance53_nreq1000_nveh20_gamma870.txt,1000,0.2,140157
/home/chris/Desktop/heuristics/instances/1000/test/instance37_nreq1000_nveh20_gamma887.txt,1000,0.01,250146
/home/chris/Desktop/heuristics/instances/1000/test/instance37_nreq1000_nveh20_gamma887.txt,1000,0.03,177032
/home/chris/Desktop/heuristics/instances/1000/test/instance37_nreq1000_nveh20_gamma887.txt,1000,0.05,155894
/home/chris/Desktop/heuristics/instances/1000/test/instance37_nreq1000_nveh20_gamma887.txt,1000,0.07,148756
/home/chris/Desktop/heuristics/instances/1000/test/instance37_nreq1000_nveh20_gamma887.txt,1000,0.1,144446
/home/chris/Desktop/heuristics/instances/1000/test/instance37_nreq1000_nveh20_gamma887.txt,1000,0.15,139807
/home/chris/Desktop/heuristics/instances/1000/test/instance37_nreq1000_nveh20_gamma887.txt,1000,0.2,138829
/home/chris/Desktop/heuristics/instances/1000/test/instance54_nreq1000_nveh20_gamma911.txt,1000,0.01,253596
/home/chris/Desktop/heuristics/instances/1000/test/instance54_nreq1000_nveh20_gamma911.txt,1000,0.03,172429
/home/chris/Desktop/heuristics/instances/1000/test/instance54_nreq1000_nveh20_gamma911.txt,1000,0.05,156119
/home/chris/Desktop/heuristics/instances/1000/test/instance54_nreq1000_nveh20_gamma911.txt,1000,0.07,154776
/home/chris/Desktop/heuristics/instances/1000/test/instance54_nreq1000_nveh20_gamma911.txt,1000,0.1,144985
/home/chris/Desktop/heuristics/instances/1000/test/instance54_nreq1000_nveh20_gamma911.txt,1000,0.15,143196
/home/chris/Desktop/heuristics/instances/1000/test/instance54_nreq1000_nveh20_gamma911.txt,1000,0.2,141707
/home/chris/Desktop/heuristics/instances/1000/test/instance57_nreq1000_nveh20_gamma933.txt,1000,0.01,252739
/home/chris/Desktop/heuristics/instances/1000/test/instance57_nreq1000_nveh20_gamma933.txt,1000,0.03,182884
/home/chris/Desktop/heuristics/instances/1000/test/instance57_nreq1000_nveh20_gamma933.txt,1000,0.05,157129
/home/chris/Desktop/heuristics/instances/1000/test/instance57_nreq1000_nveh20_gamma933.txt,1000,0.07,148752
/home/chris/Desktop/heuristics/instances/1000/test/instance57_nreq1000_nveh20_gamma933.txt,1000,0.1,145111
/home/chris/Desktop/heuristics/instances/1000/test/instance57_nreq1000_nveh20_gamma933.txt,1000,0.15,141102
/home/chris/Desktop/heuristics/instances/1000/test/instance57_nreq1000_nveh20_gamma933.txt,1000,0.2,140244
/home/chris/Desktop/heuristics/instances/1000/test/instance48_nreq1000_nveh20_gamma891.txt,1000,0.01,254428
/home/chris/Desktop/heuristics/instances/1000/test/instance48_nreq1000_nveh20_gamma891.txt,1000,0.03,178519
/home/chris/Desktop/heuristics/instances/1000/test/instance48_nreq1000_nveh20_gamma891.txt,1000,0.05,158532
/home/chris/Desktop/heuristics/instances/1000/test/instance48_nreq1000_nveh20_gamma891.txt,1000,0.07,151631
/home/chris/Desktop/heuristics/instances/1000/test/instance48_nreq1000_nveh20_gamma891.txt,1000,0.1,145842
/home/chris/Desktop/heuristics/instances/1000/test/instance48_nreq1000_nveh20_gamma891.txt,1000,0.15,142177
/home/chris/Desktop/heuristics/instances/1000/test/instance48_nreq1000_nveh20_gamma891.txt,1000,0.2,141320
/home/chris/Desktop/heuristics/instances/1000/test/instance31_nreq1000_nveh20_gamma890.txt,1000,0.01,255573
/home/chris/Desktop/heuristics/instances/1000/test/instance31_nreq1000_nveh20_gamma890.txt,1000,0.03,175854
/home/chris/Desktop/heuristics/instances/1000/test/instance31_nreq1000_nveh20_gamma890.txt,1000,0.05,154751
/home/chris/Desktop/heuristics/instances/1000/test/instance31_nreq1000_nveh20_gamma890.txt,1000,0.07,147937
/home/chris/Desktop/heuristics/instances/1000/test/instance31_nreq1000_nveh20_gamma890.txt,1000,0.1,147552
/home/chris/Desktop/heuristics/instances/1000/test/instance31_nreq1000_nveh20_gamma890.txt,1000,0.15,142366
/home/chris/Desktop/heuristics/instances/1000/test/instance31_nreq1000_nveh20_gamma890.txt,1000,0.2,142956
/home/chris/Desktop/heuristics/instances/1000/test/instance35_nreq1000_nveh20_gamma888.txt,1000,0.01,250997
/home/chris/Desktop/heuristics/instances/1000/test/instance35_nreq1000_nveh20_gamma888.txt,1000,0.03,180441
/home/chris/Desktop/heuristics/instances/1000/test/instance35_nreq1000_nveh20_gamma888.txt,1000,0.05,155518
/home/chris/Desktop/heuristics/instances/1000/test/instance35_nreq1000_nveh20_gamma888.txt,1000,0.07,147784
/home/chris/Desktop/heuristics/instances/1000/test/instance35_nreq1000_nveh20_gamma888.txt,1000,0.1,146340
/home/chris/Desktop/heuristics/instances/1000/test/instance35_nreq1000_nveh20_gamma888.txt,1000,0.15,141046
/home/chris/Desktop/heuristics/instances/1000/test/instance35_nreq1000_nveh20_gamma888.txt,1000,0.2,140199
/home/chris/Desktop/heuristics/instances/1000/test/instance59_nreq1000_nveh20_gamma902.txt,1000,0.01,253814
/home/chris/Desktop/heuristics/instances/1000/test/instance59_nreq1000_nveh20_gamma902.txt,1000,0.03,180761
/home/chris/Desktop/heuristics/instances/1000/test/instance59_nreq1000_nveh20_gamma902.txt,1000,0.05,161131
/home/chris/Desktop/heuristics/instances/1000/test/instance59_nreq1000_nveh20_gamma902.txt,1000,0.07,152080
/home/chris/Desktop/heuristics/instances/1000/test/instance59_nreq1000_nveh20_gamma902.txt,1000,0.1,146569
/home/chris/Desktop/heuristics/instances/1000/test/instance59_nreq1000_nveh20_gamma902.txt,1000,0.15,142110
/home/chris/Desktop/heuristics/instances/1000/test/instance59_nreq1000_nveh20_gamma902.txt,1000,0.2,144187
/home/chris/Desktop/heuristics/instances/1000/test/instance32_nreq1000_nveh20_gamma949.txt,1000,0.01,252266
/home/chris/Desktop/heuristics/instances/1000/test/instance32_nreq1000_nveh20_gamma949.txt,1000,0.03,179707
/home/chris/Desktop/heuristics/instances/1000/test/instance32_nreq1000_nveh20_gamma949.txt,1000,0.05,159823
/home/chris/Desktop/heuristics/instances/1000/test/instance32_nreq1000_nveh20_gamma949.txt,1000,0.07,150087
/home/chris/Desktop/heuristics/instances/1000/test/instance32_nreq1000_nveh20_gamma949.txt,1000,0.1,151102
/home/chris/Desktop/heuristics/instances/1000/test/instance32_nreq1000_nveh20_gamma949.txt,1000,0.15,144270
/home/chris/Desktop/heuristics/instances/1000/test/instance32_nreq1000_nveh20_gamma949.txt,1000,0.2,145724
/home/chris/Desktop/heuristics/instances/1000/test/instance47_nreq1000_nveh20_gamma912.txt,1000,0.01,255079
/home/chris/Desktop/heuristics/instances/1000/test/instance47_nreq1000_nveh20_gamma912.txt,1000,0.03,178920
/home/chris/Desktop/heuristics/instances/1000/test/instance47_nreq1000_nveh20_gamma912.txt,1000,0.05,157924
/home/chris/Desktop/heuristics/instances/1000/test/instance47_nreq1000_nveh20_gamma912.txt,1000,0.07,153840
/home/chris/Desktop/heuristics/instances/1000/test/instance47_nreq1000_nveh20_gamma912.txt,1000,0.1,148277
/home/chris/Desktop/heuristics/instances/1000/test/instance47_nreq1000_nveh20_gamma912.txt,1000,0.15,144723
/home/chris/Desktop/heuristics/instances/1000/test/instance47_nreq1000_nveh20_gamma912.txt,1000,0.2,144731
/home/chris/Desktop/heuristics/instances/1000/test/instance43_nreq1000_nveh20_gamma858.txt,1000,0.01,252343
/home/chris/Desktop/heuristics/instances/1000/test/instance43_nreq1000_nveh20_gamma858.txt,1000,0.03,180619
/home/chris/Desktop/heuristics/instances/1000/test/instance43_nreq1000_nveh20_gamma858.txt,1000,0.05,161459
/home/chris/Desktop/heuristics/instances/1000/test/instance43_nreq1000_nveh20_gamma858.txt,1000,0.07,153477
/home/chris/Desktop/heuristics/instances/1000/test/instance43_nreq1000_nveh20_gamma858.txt,1000,0.1,148590
/home/chris/Desktop/heuristics/instances/1000/test/instance43_nreq1000_nveh20_gamma858.txt,1000,0.15,144087
/home/chris/Desktop/heuristics/instances/1000/test/instance43_nreq1000_nveh20_gamma858.txt,1000,0.2,145280
/home/chris/Desktop/heuristics/instances/1000/test/instance36_nreq1000_nveh20_gamma909.txt,1000,0.01,254328
/home/chris/Desktop/heuristics/instances/1000/test/instance36_nreq1000_nveh20_gamma909.txt,1000,0.03,179020
/home/chris/Desktop/heuristics/instances/1000/test/instance36_nreq1000_nveh20_gamma909.txt,1000,0.05,158400
/home/chris/Desktop/heuristics/instances/1000/test/instance36_nreq1000_nveh20_gamma909.txt,1000,0.07,152379
/home/chris/Desktop/heuristics/instances/1000/test/instance36_nreq1000_nveh20_gamma909.txt,1000,0.1,148496
/home/chris/Desktop/heuristics/instances/1000/test/instance36_nreq1000_nveh20_gamma909.txt,1000,0.15,144271
/home/chris/Desktop/heuristics/instances/1000/test/instance36_nreq1000_nveh20_gamma909.txt,1000,0.2,143218
/home/chris/Desktop/heuristics/instances/1000/test/instance46_nreq1000_nveh20_gamma904.txt,1000,0.01,253329
/home/chris/Desktop/heuristics/instances/1000/test/instance46_nreq1000_nveh20_gamma904.txt,1000,0.03,182863
/home/chris/Desktop/heuristics/instances/1000/test/instance46_nreq1000_nveh20_gamma904.txt,1000,0.05,161331
/home/chris/Desktop/heuristics/instances/1000/test/instance46_nreq1000_nveh20_gamma904.txt,1000,0.07,152314
/home/chris/Desktop/heuristics/instances/1000/test/instance46_nreq1000_nveh20_gamma904.txt,1000,0.1,147510
/home/chris/Desktop/heuristics/instances/1000/test/instance46_nreq1000_nveh20_gamma904.txt,1000,0.15,145927
/home/chris/Desktop/heuristics/instances/1000/test/instance46_nreq1000_nveh20_gamma904.txt,1000,0.2,143287
/home/chris/Desktop/heuristics/instances/1000/test/instance39_nreq1000_nveh20_gamma917.txt,1000,0.01,246239
/home/chris/Desktop/heuristics/instances/1000/test/instance39_nreq1000_nveh20_gamma917.txt,1000,0.03,176424
/home/chris/Desktop/heuristics/instances/1000/test/instance39_nreq1000_nveh20_gamma917.txt,1000,0.05,155095
/home/chris/Desktop/heuristics/instances/1000/test/instance39_nreq1000_nveh20_gamma917.txt,1000,0.07,147313
/home/chris/Desktop/heuristics/instances/1000/test/instance39_nreq1000_nveh20_gamma917.txt,1000,0.1,145288
/home/chris/Desktop/heuristics/instances/1000/test/instance39_nreq1000_nveh20_gamma917.txt,1000,0.15,140368
/home/chris/Desktop/heuristics/instances/1000/test/instance39_nreq1000_nveh20_gamma917.txt,1000,0.2,142686
/home/chris/Desktop/heuristics/instances/1000/test/instance44_nreq1000_nveh20_gamma854.txt,1000,0.01,257129
/home/chris/Desktop/heuristics/instances/1000/test/instance44_nreq1000_nveh20_gamma854.txt,1000,0.03,182166
/home/chris/Desktop/heuristics/instances/1000/test/instance44_nreq1000_nveh20_gamma854.txt,1000,0.05,161034
/home/chris/Desktop/heuristics/instances/1000/test/instance44_nreq1000_nveh20_gamma854.txt,1000,0.07,153680
/home/chris/Desktop/heuristics/instances/1000/test/instance44_nreq1000_nveh20_gamma854.txt,1000,0.1,151530
/home/chris/Desktop/heuristics/instances/1000/test/instance44_nreq1000_nveh20_gamma854.txt,1000,0.15,144205
/home/chris/Desktop/heuristics/instances/1000/test/instance44_nreq1000_nveh20_gamma854.txt,1000,0.2,141846
/home/chris/Desktop/heuristics/instances/1000/test/instance51_nreq1000_nveh20_gamma929.txt,1000,0.01,250994
/home/chris/Desktop/heuristics/instances/1000/test/instance51_nreq1000_nveh20_gamma929.txt,1000,0.03,177960
/home/chris/Desktop/heuristics/instances/1000/test/instance51_nreq1000_nveh20_gamma929.txt,1000,0.05,158661
/home/chris/Desktop/heuristics/instances/1000/test/instance51_nreq1000_nveh20_gamma929.txt,1000,0.07,151995
/home/chris/Desktop/heuristics/instances/1000/test/instance51_nreq1000_nveh20_gamma929.txt,1000,0.1,144273
/home/chris/Desktop/heuristics/instances/1000/test/instance51_nreq1000_nveh20_gamma929.txt,1000,0.15,142988
/home/chris/Desktop/heuristics/instances/1000/test/instance51_nreq1000_nveh20_gamma929.txt,1000,0.2,141851
/home/chris/Desktop/heuristics/instances/1000/test/instance50_nreq1000_nveh20_gamma918.txt,1000,0.01,257484
/home/chris/Desktop/heuristics/instances/1000/test/instance50_nreq1000_nveh20_gamma918.txt,1000,0.03,179190
/home/chris/Desktop/heuristics/instances/1000/test/instance50_nreq1000_nveh20_gamma918.txt,1000,0.05,159403
/home/chris/Desktop/heuristics/instances/1000/test/instance50_nreq1000_nveh20_gamma918.txt,1000,0.07,151571
/home/chris/Desktop/heuristics/instances/1000/test/instance50_nreq1000_nveh20_gamma918.txt,1000,0.1,149587
/home/chris/Desktop/heuristics/instances/1000/test/instance50_nreq1000_nveh20_gamma918.txt,1000,0.15,141800
/home/chris/Desktop/heuristics/instances/1000/test/instance50_nreq1000_nveh20_gamma918.txt,1000,0.2,140430
/home/chris/Desktop/heuristics/instances/1000/test/instance45_nreq1000_nveh20_gamma868.txt,1000,0.01,254710
/home/chris/Desktop/heuristics/instances/1000/test/instance45_nreq1000_nveh20_gamma868.txt,1000,0.03,177156
/home/chris/Desktop/heuristics/instances/1000/test/instance45_nreq1000_nveh20_gamma868.txt,1000,0.05,159952
/home/chris/Desktop/heuristics/instances/1000/test/instance45_nreq1000_nveh20_gamma868.txt,1000,0.07,152202
/home/chris/Desktop/heuristics/instances/1000/test/instance45_nreq1000_nveh20_gamma868.txt,1000,0.1,147695
/home/chris/Desktop/heuristics/instances/1000/test/instance45_nreq1000_nveh20_gamma868.txt,1000,0.15,145618
/home/chris/Desktop/heuristics/instances/1000/test/instance45_nreq1000_nveh20_gamma868.txt,1000,0.2,146298
/home/chris/Desktop/heuristics/instances/1000/test/instance58_nreq1000_nveh20_gamma923.txt,1000,0.01,256991
/home/chris/Desktop/heuristics/instances/1000/test/instance58_nreq1000_nveh20_gamma923.txt,1000,0.03,184371
/home/chris/Desktop/heuristics/instances/1000/test/instance58_nreq1000_nveh20_gamma923.txt,1000,0.05,167098
/home/chris/Desktop/heuristics/instances/1000/test/instance58_nreq1000_nveh20_gamma923.txt,1000,0.07,157750
/home/chris/Desktop/heuristics/instances/1000/test/instance58_nreq1000_nveh20_gamma923.txt,1000,0.1,155451
/home/chris/Desktop/heuristics/instances/1000/test/instance58_nreq1000_nveh20_gamma923.txt,1000,0.15,149575
/home/chris/Desktop/heuristics/instances/1000/test/instance58_nreq1000_nveh20_gamma923.txt,1000,0.2,148875
/home/chris/Desktop/heuristics/instances/1000/test/instance55_nreq1000_nveh20_gamma899.txt,1000,0.01,249580
/home/chris/Desktop/heuristics/instances/1000/test/instance55_nreq1000_nveh20_gamma899.txt,1000,0.03,175438
/home/chris/Desktop/heuristics/instances/1000/test/instance55_nreq1000_nveh20_gamma899.txt,1000,0.05,157307
/home/chris/Desktop/heuristics/instances/1000/test/instance55_nreq1000_nveh20_gamma899.txt,1000,0.07,151847
/home/chris/Desktop/heuristics/instances/1000/test/instance55_nreq1000_nveh20_gamma899.txt,1000,0.1,147453
/home/chris/Desktop/heuristics/instances/1000/test/instance55_nreq1000_nveh20_gamma899.txt,1000,0.15,147224
/home/chris/Desktop/heuristics/instances/1000/test/instance55_nreq1000_nveh20_gamma899.txt,1000,0.2,145039
/home/chris/Desktop/heuristics/instances/2000/test/instance60_nreq2000_nveh40_gamma1733.txt,2000,0.01,643961
/home/chris/Desktop/heuristics/instances/2000/test/instance60_nreq2000_nveh40_gamma1733.txt,2000,0.03,456555
/home/chris/Desktop/heuristics/instances/2000/test/instance60_nreq2000_nveh40_gamma1733.txt,2000,0.05,432927
/home/chris/Desktop/heuristics/instances/2000/test/instance60_nreq2000_nveh40_gamma1733.txt,2000,0.07,410358
/home/chris/Desktop/heuristics/instances/2000/test/instance60_nreq2000_nveh40_gamma1733.txt,2000,0.1,411075
/home/chris/Desktop/heuristics/instances/2000/test/instance60_nreq2000_nveh40_gamma1733.txt,2000,0.15,395144
/home/chris/Desktop/heuristics/instances/2000/test/instance60_nreq2000_nveh40_gamma1733.txt,2000,0.2,400804
/home/chris/Desktop/heuristics/instances/2000/test/instance32_nreq2000_nveh40_gamma1905.txt,2000,0.01,640291
/home/chris/Desktop/heuristics/instances/2000/test/instance32_nreq2000_nveh40_gamma1905.txt,2000,0.03,448985
/home/chris/Desktop/heuristics/instances/2000/test/instance32_nreq2000_nveh40_gamma1905.txt,2000,0.05,412200
/home/chris/Desktop/heuristics/instances/2000/test/instance32_nreq2000_nveh40_gamma1905.txt,2000,0.07,401270
/home/chris/Desktop/heuristics/instances/2000/test/instance32_nreq2000_nveh40_gamma1905.txt,2000,0.1,396427
/home/chris/Desktop/heuristics/instances/2000/test/instance32_nreq2000_nveh40_gamma1905.txt,2000,0.15,387595
/home/chris/Desktop/heuristics/instances/2000/test/instance32_nreq2000_nveh40_gamma1905.txt,2000,0.2,387237
/home/chris/Desktop/heuristics/instances/2000/test/instance45_nreq2000_nveh40_gamma1747.txt,2000,0.01,644954
/home/chris/Desktop/heuristics/instances/2000/test/instance45_nreq2000_nveh40_gamma1747.txt,2000,0.03,462601
/home/chris/Desktop/heuristics/instances/2000/test/instance45_nreq2000_nveh40_gamma1747.txt,2000,0.05,421853
/home/chris/Desktop/heuristics/instances/2000/test/instance45_nreq2000_nveh40_gamma1747.txt,2000,0.07,412474
/home/chris/Desktop/heuristics/instances/2000/test/instance45_nreq2000_nveh40_gamma1747.txt,2000,0.1,409483
/home/chris/Desktop/heuristics/instances/2000/test/instance45_nreq2000_nveh40_gamma1747.txt,2000,0.15,404309
/home/chris/Desktop/heuristics/instances/2000/test/instance45_nreq2000_nveh40_gamma1747.txt,2000,0.2,400296
/home/chris/Desktop/heuristics/instances/2000/test/instance56_nreq2000_nveh40_gamma1735.txt,2000,0.01,640653
/home/chris/Desktop/heuristics/instances/2000/test/instance56_nreq2000_nveh40_gamma1735.txt,2000,0.03,466087
/home/chris/Desktop/heuristics/instances/2000/test/instance56_nreq2000_nveh40_gamma1735.txt,2000,0.05,428209
/home/chris/Desktop/heuristics/instances/2000/test/instance56_nreq2000_nveh40_gamma1735.txt,2000,0.07,409646
/home/chris/Desktop/heuristics/instances/2000/test/instance56_nreq2000_nveh40_gamma1735.txt,2000,0.1,405835
/home/chris/Desktop/heuristics/instances/2000/test/instance56_nreq2000_nveh40_gamma1735.txt,2000,0.15,408142
/home/chris/Desktop/heuristics/instances/2000/test/instance56_nreq2000_nveh40_gamma1735.txt,2000,0.2,401856
/home/chris/Desktop/heuristics/instances/2000/test/instance59_nreq2000_nveh40_gamma1898.txt,2000,0.01,649204
/home/chris/Desktop/heuristics/instances/2000/test/instance59_nreq2000_nveh40_gamma1898.txt,2000,0.03,464347
/home/chris/Desktop/heuristics/instances/2000/test/instance59_nreq2000_nveh40_gamma1898.txt,2000,0.05,430890
/home/chris/Desktop/heuristics/instances/2000/test/instance59_nreq2000_nveh40_gamma1898.txt,2000,0.07,410052
/home/chris/Desktop/heuristics/instances/2000/test/instance59_nreq2000_nveh40_gamma1898.txt,2000,0.1,406149
/home/chris/Desktop/heuristics/instances/2000/test/instance59_nreq2000_nveh40_gamma1898.txt,2000,0.15,402418
/home/chris/Desktop/heuristics/instances/2000/test/instance59_nreq2000_nveh40_gamma1898.txt,2000,0.2,402767
/home/chris/Desktop/heuristics/instances/2000/test/instance39_nreq2000_nveh40_gamma1826.txt,2000,0.01,635562
/home/chris/Desktop/heuristics/instances/2000/test/instance39_nreq2000_nveh40_gamma1826.txt,2000,0.03,459909
/home/chris/Desktop/heuristics/instances/2000/test/instance39_nreq2000_nveh40_gamma1826.txt,2000,0.05,426472
/home/chris/Desktop/heuristics/instances/2000/test/instance39_nreq2000_nveh40_gamma1826.txt,2000,0.07,410666
/home/chris/Desktop/heuristics/instances/2000/test/instance39_nreq2000_nveh40_gamma1826.txt,2000,0.1,405327
/home/chris/Desktop/heuristics/instances/2000/test/instance39_nreq2000_nveh40_gamma1826.txt,2000,0.15,401408
/home/chris/Desktop/heuristics/instances/2000/test/instance39_nreq2000_nveh40_gamma1826.txt,2000,0.2,398687
/home/chris/Desktop/heuristics/instances/2000/test/instance46_nreq2000_nveh40_gamma1779.txt,2000,0.01,650595
/home/chris/Desktop/heuristics/instances/2000/test/instance46_nreq2000_nveh40_gamma1779.txt,2000,0.03,463350
/home/chris/Desktop/heuristics/instances/2000/test/instance46_nreq2000_nveh40_gamma1779.txt,2000,0.05,424912
/home/chris/Desktop/heuristics/instances/2000/test/instance46_nreq2000_nveh40_gamma1779.txt,2000,0.07,414390
/home/chris/Desktop/heuristics/instances/2000/test/instance46_nreq2000_nveh40_gamma1779.txt,2000,0.1,406312
/home/chris/Desktop/heuristics/instances/2000/test/instance46_nreq2000_nveh40_gamma1779.txt,2000,0.15,398194
/home/chris/Desktop/heuristics/instances/2000/test/instance46_nreq2000_nveh40_gamma1779.txt,2000,0.2,406506
/home/chris/Desktop/heuristics/instances/2000/test/instance42_nreq2000_nveh40_gamma1918.txt,2000,0.01,635999
/home/chris/Desktop/heuristics/instances/2000/test/instance42_nreq2000_nveh40_gamma1918.txt,2000,0.03,461448
/home/chris/Desktop/heuristics/instances/2000/test/instance42_nreq2000_nveh40_gamma1918.txt,2000,0.05,427188
/home/chris/Desktop/heuristics/instances/2000/test/instance42_nreq2000_nveh40_gamma1918.txt,2000,0.07,410296
/home/chris/Desktop/heuristics/instances/2000/test/instance42_nreq2000_nveh40_gamma1918.txt,2000,0.1,407270
/home/chris/Desktop/heuristics/instances/2000/test/instance42_nreq2000_nveh40_gamma1918.txt,2000,0.15,397676
/home/chris/Desktop/heuristics/instances/2000/test/instance42_nreq2000_nveh40_gamma1918.txt,2000,0.2,397785
/home/chris/Desktop/heuristics/instances/2000/test/instance40_nreq2000_nveh40_gamma1928.txt,2000,0.01,648768
/home/chris/Desktop/heuristics/instances/2000/test/instance40_nreq2000_nveh40_gamma1928.txt,2000,0.03,469440
/home/chris/Desktop/heuristics/instances/2000/test/instance40_nreq2000_nveh40_gamma1928.txt,2000,0.05,427206
/home/chris/Desktop/heuristics/instances/2000/test/instance40_nreq2000_nveh40_gamma1928.txt,2000,0.07,414495
/home/chris/Desktop/heuristics/instances/2000/test/instance40_nreq2000_nveh40_gamma1928.txt,2000,0.1,414456
/home/chris/Desktop/heuristics/instances/2000/test/instance40_nreq2000_nveh40_gamma1928.txt,2000,0.15,407842
/home/chris/Desktop/heuristics/instances/2000/test/instance40_nreq2000_nveh40_gamma1928.txt,2000,0.2,405762
/home/chris/Desktop/heuristics/instances/2000/test/instance34_nreq2000_nveh40_gamma1728.txt,2000,0.01,639794
/home/chris/Desktop/heuristics/instances/2000/test/instance34_nreq2000_nveh40_gamma1728.txt,2000,0.03,468275
/home/chris/Desktop/heuristics/instances/2000/test/instance34_nreq2000_nveh40_gamma1728.txt,2000,0.05,429483
/home/chris/Desktop/heuristics/instances/2000/test/instance34_nreq2000_nveh40_gamma1728.txt,2000,0.07,413087
/home/chris/Desktop/heuristics/instances/2000/test/instance34_nreq2000_nveh40_gamma1728.txt,2000,0.1,411564
/home/chris/Desktop/heuristics/instances/2000/test/instance34_nreq2000_nveh40_gamma1728.txt,2000,0.15,408391
/home/chris/Desktop/heuristics/instances/2000/test/instance34_nreq2000_nveh40_gamma1728.txt,2000,0.2,403876
/home/chris/Desktop/heuristics/instances/2000/test/instance51_nreq2000_nveh40_gamma1750.txt,2000,0.01,648259
/home/chris/Desktop/heuristics/instances/2000/test/instance51_nreq2000_nveh40_gamma1750.txt,2000,0.03,457703
/home/chris/Desktop/heuristics/instances/2000/test/instance51_nreq2000_nveh40_gamma1750.txt,2000,0.05,416872
/home/chris/Desktop/heuristics/instances/2000/test/instance51_nreq2000_nveh40_gamma1750.txt,2000,0.07,405134
/home/chris/Desktop/heuristics/instances/2000/test/instance51_nreq2000_nveh40_gamma1750.txt,2000,0.1,405727
/home/chris/Desktop/heuristics/instances/2000/test/instance51_nreq2000_nveh40_gamma1750.txt,2000,0.15,393121
/home/chris/Desktop/heuristics/instances/2000/test/instance51_nreq2000_nveh40_gamma1750.txt,2000,0.2,393725
/home/chris/Desktop/heuristics/instances/2000/test/instance36_nreq2000_nveh40_gamma1861.txt,2000,0.01,633653
/home/chris/Desktop/heuristics/instances/2000/test/instance36_nreq2000_nveh40_gamma1861.txt,2000,0.03,451100
/home/chris/Desktop/heuristics/instances/2000/test/instance36_nreq2000_nveh40_gamma1861.txt,2000,0.05,415772
/home/chris/Desktop/heuristics/instances/2000/test/instance36_nreq2000_nveh40_gamma1861.txt,2000,0.07,406624
/home/chris/Desktop/heuristics/instances/2000/test/instance36_nreq2000_nveh40_gamma1861.txt,2000,0.1,396780
/home/chris/Desktop/heuristics/instances/2000/test/instance36_nreq2000_nveh40_gamma1861.txt,2000,0.15,389135
/home/chris/Desktop/heuristics/instances/2000/test/instance36_nreq2000_nveh40_gamma1861.txt,2000,0.2,387415
/home/chris/Desktop/heuristics/instances/2000/test/instance38_nreq2000_nveh40_gamma1890.txt,2000,0.01,634695
/home/chris/Desktop/heuristics/instances/2000/test/instance38_nreq2000_nveh40_gamma1890.txt,2000,0.03,459568
/home/chris/Desktop/heuristics/instances/2000/test/instance38_nreq2000_nveh40_gamma1890.txt,2000,0.05,424091
/home/chris/Desktop/heuristics/instances/2000/test/instance38_nreq2000_nveh40_gamma1890.txt,2000,0.07,412146
/home/chris/Desktop/heuristics/instances/2000/test/instance38_nreq2000_nveh40_gamma1890.txt,2000,0.1,401269
/home/chris/Desktop/heuristics/instances/2000/test/instance38_nreq2000_nveh40_gamma1890.txt,2000,0.15,401536
/home/chris/Desktop/heuristics/instances/2000/test/instance38_nreq2000_nveh40_gamma1890.txt,2000,0.2,397797
/home/chris/Desktop/heuristics/instances/2000/test/instance35_nreq2000_nveh40_gamma1800.txt,2000,0.01,640159
/home/chris/Desktop/heuristics/instances/2000/test/instance35_nreq2000_nveh40_gamma1800.txt,2000,0.03,460419
/home/chris/Desktop/heuristics/instances/2000/test/instance35_nreq2000_nveh40_gamma1800.txt,2000,0.05,423708
/home/chris/Desktop/heuristics/instances/2000/test/instance35_nreq2000_nveh40_gamma1800.txt,2000,0.07,403931
/home/chris/Desktop/heuristics/instances/2000/test/instance35_nreq2000_nveh40_gamma1800.txt,2000,0.1,402220
/home/chris/Desktop/heuristics/instances/2000/test/instance35_nreq2000_nveh40_gamma1800.txt,2000,0.15,397993
/home/chris/Desktop/heuristics/instances/2000/test/instance35_nreq2000_nveh40_gamma1800.txt,2000,0.2,394242
/home/chris/Desktop/heuristics/instances/2000/test/instance37_nreq2000_nveh40_gamma1845.txt,2000,0.01,646535
/home/chris/Desktop/heuristics/instances/2000/test/instance37_nreq2000_nveh40_gamma1845.txt,2000,0.03,457602
/home/chris/Desktop/heuristics/instances/2000/test/instance37_nreq2000_nveh40_gamma1845.txt,2000,0.05,423571
/home/chris/Desktop/heuristics/instances/2000/test/instance37_nreq2000_nveh40_gamma1845.txt,2000,0.07,405956
/home/chris/Desktop/heuristics/instances/2000/test/instance37_nreq2000_nveh40_gamma1845.txt,2000,0.1,404838
/home/chris/Desktop/heuristics/instances/2000/test/instance37_nreq2000_nveh40_gamma1845.txt,2000,0.15,402631
/home/chris/Desktop/heuristics/instances/2000/test/instance37_nreq2000_nveh40_gamma1845.txt,2000,0.2,396562
/home/chris/Desktop/heuristics/instances/2000/test/instance33_nreq2000_nveh40_gamma1691.txt,2000,0.01,640049
/home/chris/Desktop/heuristics/instances/2000/test/instance33_nreq2000_nveh40_gamma1691.txt,2000,0.03,457594
/home/chris/Desktop/heuristics/instances/2000/test/instance33_nreq2000_nveh40_gamma1691.txt,2000,0.05,421175
/home/chris/Desktop/heuristics/instances/2000/test/instance33_nreq2000_nveh40_gamma1691.txt,2000,0.07,409459
/home/chris/Desktop/heuristics/instances/2000/test/instance33_nreq2000_nveh40_gamma1691.txt,2000,0.1,402328
/home/chris/Desktop/heuristics/instances/2000/test/instance33_nreq2000_nveh40_gamma1691.txt,2000,0.15,398633
/home/chris/Desktop/heuristics/instances/2000/test/instance33_nreq2000_nveh40_gamma1691.txt,2000,0.2,387589
/home/chris/Desktop/heuristics/instances/2000/test/instance47_nreq2000_nveh40_gamma1865.txt,2000,0.01,641512
/home/chris/Desktop/heuristics/instances/2000/test/instance47_nreq2000_nveh40_gamma1865.txt,2000,0.03,463015
/home/chris/Desktop/heuristics/instances/2000/test/instance47_nreq2000_nveh40_gamma1865.txt,2000,0.05,441815
/home/chris/Desktop/heuristics/instances/2000/test/instance47_nreq2000_nveh40_gamma1865.txt,2000,0.07,425320
/home/chris/Desktop/heuristics/instances/2000/test/instance47_nreq2000_nveh40_gamma1865.txt,2000,0.1,413724
/home/chris/Desktop/heuristics/instances/2000/test/instance47_nreq2000_nveh40_gamma1865.txt,2000,0.15,409590
/home/chris/Desktop/heuristics/instances/2000/test/instance47_nreq2000_nveh40_gamma1865.txt,2000,0.2,409825
/home/chris/Desktop/heuristics/instances/2000/test/instance54_nreq2000_nveh40_gamma1752.txt,2000,0.01,631379
/home/chris/Desktop/heuristics/instances/2000/test/instance54_nreq2000_nveh40_gamma1752.txt,2000,0.03,464547
/home/chris/Desktop/heuristics/instances/2000/test/instance54_nreq2000_nveh40_gamma1752.txt,2000,0.05,422183
/home/chris/Desktop/heuristics/instances/2000/test/instance54_nreq2000_nveh40_gamma1752.txt,2000,0.07,412795
/home/chris/Desktop/heuristics/instances/2000/test/instance54_nreq2000_nveh40_gamma1752.txt,2000,0.1,401457
/home/chris/Desktop/heuristics/instances/2000/test/instance54_nreq2000_nveh40_gamma1752.txt,2000,0.15,403079
/home/chris/Desktop/heuristics/instances/2000/test/instance54_nreq2000_nveh40_gamma1752.txt,2000,0.2,406180
/home/chris/Desktop/heuristics/instances/2000/test/instance52_nreq2000_nveh40_gamma1878.txt,2000,0.01,652855
/home/chris/Desktop/heuristics/instances/2000/test/instance52_nreq2000_nveh40_gamma1878.txt,2000,0.03,472302
/home/chris/Desktop/heuristics/instances/2000/test/instance52_nreq2000_nveh40_gamma1878.txt,2000,0.05,434422
/home/chris/Desktop/heuristics/instances/2000/test/instance52_nreq2000_nveh40_gamma1878.txt,2000,0.07,418268
/home/chris/Desktop/heuristics/instances/2000/test/instance52_nreq2000_nveh40_gamma1878.txt,2000,0.1,410539
/home/chris/Desktop/heuristics/instances/2000/test/instance52_nreq2000_nveh40_gamma1878.txt,2000,0.15,409525
/home/chris/Desktop/heuristics/instances/2000/test/instance52_nreq2000_nveh40_gamma1878.txt,2000,0.2,407842
/home/chris/Desktop/heuristics/instances/2000/test/instance48_nreq2000_nveh40_gamma1785.txt,2000,0.01,648883
/home/chris/Desktop/heuristics/instances/2000/test/instance48_nreq2000_nveh40_gamma1785.txt,2000,0.03,470065
/home/chris/Desktop/heuristics/instances/2000/test/instance48_nreq2000_nveh40_gamma1785.txt,2000,0.05,429102
/home/chris/Desktop/heuristics/instances/2000/test/instance48_nreq2000_nveh40_gamma1785.txt,2000,0.07,417910
/home/chris/Desktop/heuristics/instances/2000/test/instance48_nreq2000_nveh40_gamma1785.txt,2000,0.1,414204
/home/chris/Desktop/heuristics/instances/2000/test/instance48_nreq2000_nveh40_gamma1785.txt,2000,0.15,403323
/home/chris/Desktop/heuristics/instances/2000/test/instance48_nreq2000_nveh40_gamma1785.txt,2000,0.2,403390
/home/chris/Desktop/heuristics/instances/2000/test/instance31_nreq2000_nveh40_gamma1811.txt,2000,0.01,645451
/home/chris/Desktop/heuristics/instances/2000/test/instance31_nreq2000_nveh40_gamma1811.txt,2000,0.03,465727
/home/chris/Desktop/heuristics/instances/2000/test/instance31_nreq2000_nveh40_gamma1811.txt,2000,0.05,426706
/home/chris/Desktop/heuristics/instances/2000/test/instance31_nreq2000_nveh40_gamma1811.txt,2000,0.07,413081
/home/chris/Desktop/heuristics/instances/2000/test/instance31_nreq2000_nveh40_gamma1811.txt,2000,0.1,401896
/home/chris/Desktop/heuristics/instances/2000/test/instance31_nreq2000_nveh40_gamma1811.txt,2000,0.15,403219
/home/chris/Desktop/heuristics/instances/2000/test/instance31_nreq2000_nveh40_gamma1811.txt,2000,0.2,402497
/home/chris/Desktop/heuristics/instances/2000/test/instance53_nreq2000_nveh40_gamma1823.txt,2000,0.01,649015
/home/chris/Desktop/heuristics/instances/2000/test/instance53_nreq2000_nveh40_gamma1823.txt,2000,0.03,458059
/home/chris/Desktop/heuristics/instances/2000/test/instance53_nreq2000_nveh40_gamma1823.txt,2000,0.05,427525
/home/chris/Desktop/heuristics/instances/2000/test/instance53_nreq2000_nveh40_gamma1823.txt,2000,0.07,411705
/home/chris/Desktop/heuristics/instances/2000/test/instance53_nreq2000_nveh40_gamma1823.txt,2000,0.1,411349
/home/chris/Desktop/heuristics/instances/2000/test/instance53_nreq2000_nveh40_gamma1823.txt,2000,0.15,400623
/home/chris/Desktop/heuristics/instances/2000/test/instance53_nreq2000_nveh40_gamma1823.txt,2000,0.2,395719
/home/chris/Desktop/heuristics/instances/2000/test/instance55_nreq2000_nveh40_gamma1812.txt,2000,0.01,647999
/home/chris/Desktop/heuristics/instances/2000/test/instance55_nreq2000_nveh40_gamma1812.txt,2000,0.03,468558
/home/chris/Desktop/heuristics/instances/2000/test/instance55_nreq2000_nveh40_gamma1812.txt,2000,0.05,432833
/home/chris/Desktop/heuristics/instances/2000/test/instance55_nreq2000_nveh40_gamma1812.txt,2000,0.07,416174
/home/chris/Desktop/heuristics/instances/2000/test/instance55_nreq2000_nveh40_gamma1812.txt,2000,0.1,402455
/home/chris/Desktop/heuristics/instances/2000/test/instance55_nreq2000_nveh40_gamma1812.txt,2000,0.15,403779
/home/chris/Desktop/heuristics/instances/2000/test/instance55_nreq2000_nveh40_gamma1812.txt,2000,0.2,403301
/home/chris/Desktop/heuristics/instances/2000/test/instance41_nreq2000_nveh40_gamma1835.txt,2000,0.01,638084
/home/chris/Desktop/heuristics/instances/2000/test/instance41_nreq2000_nveh40_gamma1835.txt,2000,0.03,451165
/home/chris/Desktop/heuristics/instances/2000/test/instance41_nreq2000_nveh40_gamma1835.txt,2000,0.05,419022
/home/chris/Desktop/heuristics/instances/2000/test/instance41_nreq2000_nveh40_gamma1835.txt,2000,0.07,406382
/home/chris/Desktop/heuristics/instances/2000/test/instance41_nreq2000_nveh40_gamma1835.txt,2000,0.1,400461
/home/chris/Desktop/heuristics/instances/2000/test/instance41_nreq2000_nveh40_gamma1835.txt,2000,0.15,388680
/home/chris/Desktop/heuristics/instances/2000/test/instance41_nreq2000_nveh40_gamma1835.txt,2000,0.2,393765
/home/chris/Desktop/heuristics/instances/2000/test/instance50_nreq2000_nveh40_gamma1717.txt,2000,0.01,650144
/home/chris/Desktop/heuristics/instances/2000/test/instance50_nreq2000_nveh40_gamma1717.txt,2000,0.03,462986
/home/chris/Desktop/heuristics/instances/2000/test/instance50_nreq2000_nveh40_gamma1717.txt,2000,0.05,425078
/home/chris/Desktop/heuristics/instances/2000/test/instance50_nreq2000_nveh40_gamma1717.txt,2000,0.07,409930
/home/chris/Desktop/heuristics/instances/2000/test/instance50_nreq2000_nveh40_gamma1717.txt,2000,0.1,404504
/home/chris/Desktop/heuristics/instances/2000/test/instance50_nreq2000_nveh40_gamma1717.txt,2000,0.15,402012
/home/chris/Desktop/heuristics/instances/2000/test/instance50_nreq2000_nveh40_gamma1717.txt,2000,0.2,392514
/home/chris/Desktop/heuristics/instances/2000/test/instance43_nreq2000_nveh40_gamma1938.txt,2000,0.01,645050
/home/chris/Desktop/heuristics/instances/2000/test/instance43_nreq2000_nveh40_gamma1938.txt,2000,0.03,450482
/home/chris/Desktop/heuristics/instances/2000/test/instance43_nreq2000_nveh40_gamma1938.txt,2000,0.05,420690
/home/chris/Desktop/heuristics/instances/2000/test/instance43_nreq2000_nveh40_gamma1938.txt,2000,0.07,405649
/home/chris/Desktop/heuristics/instances/2000/test/instance43_nreq2000_nveh40_gamma1938.txt,2000,0.1,397166
/home/chris/Desktop/heuristics/instances/2000/test/instance43_nreq2000_nveh40_gamma1938.txt,2000,0.15,389766
/home/chris/Desktop/heuristics/instances/2000/test/instance43_nreq2000_nveh40_gamma1938.txt,2000,0.2,391925
/home/chris/Desktop/heuristics/instances/2000/test/instance49_nreq2000_nveh40_gamma1729.txt,2000,0.01,633464
/home/chris/Desktop/heuristics/instances/2000/test/instance49_nreq2000_nveh40_gamma1729.txt,2000,0.03,452418
/home/chris/Desktop/heuristics/instances/2000/test/instance49_nreq2000_nveh40_gamma1729.txt,2000,0.05,417275
/home/chris/Desktop/heuristics/instances/2000/test/instance49_nreq2000_nveh40_gamma1729.txt,2000,0.07,402225
/home/chris/Desktop/heuristics/instances/2000/test/instance49_nreq2000_nveh40_gamma1729.txt,2000,0.1,399375
/home/chris/Desktop/heuristics/instances/2000/test/instance49_nreq2000_nveh40_gamma1729.txt,2000,0.15,392991
/home/chris/Desktop/heuristics/instances/2000/test/instance49_nreq2000_nveh40_gamma1729.txt,2000,0.2,389886
/home/chris/Desktop/heuristics/instances/2000/test/instance58_nreq2000_nveh40_gamma1768.txt,2000,0.01,648120
/home/chris/Desktop/heuristics/instances/2000/test/instance58_nreq2000_nveh40_gamma1768.txt,2000,0.03,474389
/home/chris/Desktop/heuristics/instances/2000/test/instance58_nreq2000_nveh40_gamma1768.txt,2000,0.05,438138
/home/chris/Desktop/heuristics/instances/2000/test/instance58_nreq2000_nveh40_gamma1768.txt,2000,0.07,423558
/home/chris/Desktop/heuristics/instances/2000/test/instance58_nreq2000_nveh40_gamma1768.txt,2000,0.1,421470
/home/chris/Desktop/heuristics/instances/2000/test/instance58_nreq2000_nveh40_gamma1768.txt,2000,0.15,420246
/home/chris/Desktop/heuristics/instances/2000/test/instance58_nreq2000_nveh40_gamma1768.txt,2000,0.2,415616
/home/chris/Desktop/heuristics/instances/2000/test/instance44_nreq2000_nveh40_gamma1915.txt,2000,0.01,637798
/home/chris/Desktop/heuristics/instances/2000/test/instance44_nreq2000_nveh40_gamma1915.txt,2000,0.03,465770
/home/chris/Desktop/heuristics/instances/2000/test/instance44_nreq2000_nveh40_gamma1915.txt,2000,0.05,428175
/home/chris/Desktop/heuristics/instances/2000/test/instance44_nreq2000_nveh40_gamma1915.txt,2000,0.07,415290
/home/chris/Desktop/heuristics/instances/2000/test/instance44_nreq2000_nveh40_gamma1915.txt,2000,0.1,410133
/home/chris/Desktop/heuristics/instances/2000/test/instance44_nreq2000_nveh40_gamma1915.txt,2000,0.15,401118
/home/chris/Desktop/heuristics/instances/2000/test/instance44_nreq2000_nveh40_gamma1915.txt,2000,0.2,402348
/home/chris/Desktop/heuristics/instances/2000/test/instance57_nreq2000_nveh40_gamma1722.txt,2000,0.01,640307
/home/chris/Desktop/heuristics/instances/2000/test/instance57_nreq2000_nveh40_gamma1722.txt,2000,0.03,458048
/home/chris/Desktop/heuristics/instances/2000/test/instance57_nreq2000_nveh40_gamma1722.txt,2000,0.05,423148
/home/chris/Desktop/heuristics/instances/2000/test/instance57_nreq2000_nveh40_gamma1722.txt,2000,0.07,405159
/home/chris/Desktop/heuristics/instances/2000/test/instance57_nreq2000_nveh40_gamma1722.txt,2000,0.1,400623
/home/chris/Desktop/heuristics/instances/2000/test/instance57_nreq2000_nveh40_gamma1722.txt,2000,0.15,390748
/home/chris/Desktop/heuristics/instances/2000/test/instance57_nreq2000_nveh40_gamma1722.txt,2000,0.2,396665
